Ticker,Latest_Date,Close,ER_5day,Status,Action
PLTR,2026-01-08,176.86,0.0312,✅ PASS,Trade Gaps
V,2026-01-08,352.23,0.0736,✅ PASS,Trade Gaps
MGK,2026-01-08,412.03,0.0757,✅ PASS,Trade Gaps
DUOL,2026-01-08,173.87,0.0779,✅ PASS,Trade Gaps
CRWD,2026-01-08,463.87,0.088,✅ PASS,Trade Gaps
STX,2026-01-08,284.47,0.0899,✅ PASS,Trade Gaps
TTD,2026-01-08,37.3,0.1196,✅ PASS,Trade Gaps
MRVL,2026-01-08,83.45,0.1272,✅ PASS,Trade Gaps
HOOD,2026-01-08,115.39,0.1273,✅ PASS,Trade Gaps
SNOW,2026-01-08,223.79,0.1419,✅ PASS,Trade Gaps
NVDA,2026-01-08,185.04,0.1475,✅ PASS,Trade Gaps
BND,2026-01-08,74.13,0.1579,✅ PASS,Trade Gaps
GRAB,2026-01-08,4.88,0.1642,✅ PASS,Trade Gaps
BRK-B,2026-01-08,499.77,0.1975,✅ PASS,Trade Gaps
MSFT,2026-01-08,478.11,0.206,✅ PASS,Trade Gaps
MCD,2026-01-08,308.88,0.2197,✅ PASS,Trade Gaps
FUBO,2026-01-08,2.48,0.2222,✅ PASS,Trade Gaps
GLW,2026-01-08,85.33,0.233,✅ PASS,Trade Gaps
IBM,2026-01-08,302.72,0.2375,✅ PASS,Trade Gaps
SOFI,2026-01-08,27.72,0.2508,✅ PASS,Trade Gaps
DDOG,2026-01-08,130.68,0.2538,✅ PASS,Trade Gaps
LUMN,2026-01-08,8.17,0.2564,✅ PASS,Trade Gaps
OPEN,2026-01-08,6.43,0.2703,✅ PASS,Trade Gaps
TSLA,2026-01-08,435.8,0.279,✅ PASS,Trade Gaps
ABNB,2026-01-08,138.66,0.2849,✅ PASS,Trade Gaps
BROS,2026-01-08,63.06,0.2911,✅ PASS,Trade Gaps
CIFR,2026-01-08,16.55,0.3008,✅ PASS,Trade Gaps
HIMS,2026-01-08,33.87,0.3057,✅ PASS,Trade Gaps
AMD,2026-01-08,204.68,0.3374,✅ PASS,Trade Gaps
VST,2026-01-08,150.6,0.3382,✅ PASS,Trade Gaps
LEU,2026-01-08,286.25,0.3719,✅ PASS,Trade Gaps
ANET,2026-01-08,123.72,0.3724,✅ PASS,Trade Gaps
QQQ,2026-01-08,620.47,0.3939,✅ PASS,Trade Gaps
SIVR,2026-01-08,73.2,0.3989,✅ PASS,Trade Gaps
SHOP,2026-01-08,168.28,0.4001,✅ PASS,Trade Gaps
FI,2026-01-08,69.5,0.4168,✅ PASS,Trade Gaps
ADBE,2026-01-08,339.04,0.4226,✅ PASS,Trade Gaps
SPOT,2026-01-08,553.68,0.4236,✅ PASS,Trade Gaps
TSM,2026-01-08,318.01,0.4284,✅ PASS,Trade Gaps
NET,2026-01-08,186.96,0.4287,✅ PASS,Trade Gaps
QBTS,2026-01-08,29.28,0.4402,✅ PASS,Trade Gaps
IREN,2026-01-08,45.68,0.4615,✅ PASS,Trade Gaps
U,2026-01-08,45.28,0.4684,✅ PASS,Trade Gaps
APP,2026-01-08,616.53,0.4862,✅ PASS,Trade Gaps
COIN,2026-01-08,245.59,0.5104,✅ PASS,Trade Gaps
MU,2026-01-08,327.02,0.5139,✅ PASS,Trade Gaps
AMC,2026-01-08,1.45,0.5238,✅ PASS,Trade Gaps
MSTR,2026-01-08,166.97,0.5266,✅ PASS,Trade Gaps
UNH,2026-01-08,346.85,0.5352,✅ PASS,Trade Gaps
CEG,2026-01-08,322.54,0.5421,✅ PASS,Trade Gaps
ABAT,2026-01-08,4.53,0.5535,✅ PASS,Trade Gaps
ORCL,2026-01-08,189.65,0.573,✅ PASS,Trade Gaps
UBER,2026-01-08,87.59,0.581,✅ PASS,Trade Gaps
DOCN,2026-01-08,52.47,0.5855,✅ PASS,Trade Gaps
MARA,2026-01-08,10.44,0.5887,✅ PASS,Trade Gaps
ACHR,2026-01-08,8.71,0.598,✅ PASS,Trade Gaps
VOO,2026-01-08,634.06,0.6171,🛑 BLOCK,SKIP (Too Trendy)
SPY,2026-01-08,689.51,0.6226,🛑 BLOCK,SKIP (Too Trendy)
REMX,2026-01-08,82.45,0.6249,🛑 BLOCK,SKIP (Too Trendy)
AMZN,2026-01-08,246.29,0.6416,🛑 BLOCK,SKIP (Too Trendy)
RXRX,2026-01-08,4.7,0.6559,🛑 BLOCK,SKIP (Too Trendy)
GLD,2026-01-08,411.49,0.6577,🛑 BLOCK,SKIP (Too Trendy)
WWR,2026-01-08,0.91,0.6667,🛑 BLOCK,SKIP (Too Trendy)
GOOG,2026-01-08,326.01,0.6879,🛑 BLOCK,SKIP (Too Trendy)
QCOM,2026-01-08,181.87,0.7053,🛑 BLOCK,SKIP (Too Trendy)
LRCX,2026-01-08,200.96,0.7128,🛑 BLOCK,SKIP (Too Trendy)
SOUN,2026-01-08,11.02,0.7143,🛑 BLOCK,SKIP (Too Trendy)
UAMY,2026-01-08,7.41,0.7354,🛑 BLOCK,SKIP (Too Trendy)
IONQ,2026-01-08,50.45,0.7401,🛑 BLOCK,SKIP (Too Trendy)
ONDS,2026-01-08,14.01,0.763,🛑 BLOCK,SKIP (Too Trendy)
ON,2026-01-08,60.89,0.7712,🛑 BLOCK,SKIP (Too Trendy)
MP,2026-01-08,61.06,0.7854,🛑 BLOCK,SKIP (Too Trendy)
UUUU,2026-01-08,18.59,0.8052,🛑 BLOCK,SKIP (Too Trendy)
NLR,2026-01-08,138.21,0.8425,🛑 BLOCK,SKIP (Too Trendy)
NVTS,2026-01-08,10.06,0.8538,🛑 BLOCK,SKIP (Too Trendy)
LTBR,2026-01-08,16.11,0.8568,🛑 BLOCK,SKIP (Too Trendy)
EOSE,2026-01-08,14.02,0.8828,🛑 BLOCK,SKIP (Too Trendy)
UPST,2026-01-08,50.61,0.9005,🛑 BLOCK,SKIP (Too Trendy)
IWM,2026-01-08,258.27,0.9098,🛑 BLOCK,SKIP (Too Trendy)
GME,2026-01-08,21.42,0.9178,🛑 BLOCK,SKIP (Too Trendy)
OSCR,2026-01-08,16.9,0.9336,🛑 BLOCK,SKIP (Too Trendy)
BE,2026-01-08,121.84,0.9552,🛑 BLOCK,SKIP (Too Trendy)
SMR,2026-01-08,19.67,0.9649,🛑 BLOCK,SKIP (Too Trendy)
KTOS,2026-01-08,104.04,0.9663,🛑 BLOCK,SKIP (Too Trendy)
CELH,2026-01-08,51.28,0.9788,🛑 BLOCK,SKIP (Too Trendy)
OKLO,2026-01-08,97.6,1.0,🛑 BLOCK,SKIP (Too Trendy)
POWI,2026-01-08,40.81,1.0,🛑 BLOCK,SKIP (Too Trendy)
CCJ,2026-01-08,105.76,1.0,🛑 BLOCK,SKIP (Too Trendy)
TMDX,2026-01-08,137.57,1.0,🛑 BLOCK,SKIP (Too Trendy)
NVO,2026-01-08,57.34,1.0,🛑 BLOCK,SKIP (Too Trendy)
