,PnL_Baseline,PnL_VariantA,PnL_VariantB
2023-01-03,13247.443849090967,17628.64806815202,15008.55730978808
2023-01-04,24.407282168206827,684.3891257660969,400.12579588375655
2023-01-05,2221.077915057191,3268.7075553966033,2594.0577346369664
2023-01-06,0.0,0.0,0.0
2023-01-09,-976.8891577760386,-82.20971284971412,-246.06547409737078
2023-01-10,-3313.5628173934756,-2518.2509895863277,-2233.197157127443
2023-01-11,-1339.3937945970738,-898.2633482227432,-1143.7352496010012
2023-01-12,-113.9350835781348,-453.00677179619396,-280.1286982372766
2023-01-13,-430.8977120881565,-90.0930779145105,285.49311356966587
2023-01-16,0.0,0.0,0.0
2023-01-17,1816.1707239439297,2106.3428511559105,3242.3624659117927
2023-01-18,4929.247099634292,5559.800806256504,7544.858836376736
2023-01-19,310.07723283626444,155.03861641813222,197.74972918497465
2023-01-20,33.175776577807746,16.587888288903873,17.658083846698258
2023-01-23,254.23705697709275,381.3555854656391,572.5984571960794
2023-01-24,4763.802138943505,6640.214651457905,7816.907154597067
2023-01-25,176.99098239742966,265.4864735961445,180.77594059626236
2023-01-26,3664.0437010390233,4737.866597369753,3821.973321701429
2023-01-27,-1851.4374901674446,-889.8767697176885,-1171.6026225702703
2023-01-30,2678.909900417835,3960.0848426232087,5457.169100092486
2023-01-31,-593.2208098614778,-296.6104049307389,-390.36700480013855
2023-02-01,-523.1349013832657,-682.3133735552728,-581.5560880127844
2023-02-02,-281.0948106523432,-789.4965129844301,-515.5784295878948
2023-02-03,1365.1823464070842,1750.5519281154857,3046.119113886042
2023-02-06,-1080.3215824507683,-1352.1307048754538,-1261.1889315253445
2023-02-07,3097.4908517742265,5078.0166520017665,5203.880368993514
2023-02-08,1725.6658557381393,2350.0605863284295,2525.518371172828
2023-02-09,17232.89023369344,24341.066656507137,29708.12205975964
2023-02-10,1983.4371672149034,1528.9042263079807,1697.2818398646507
2023-02-13,1321.738726610489,1321.738726610489,1038.4251989146644
2023-02-14,-101.44882933948058,-152.17324400922087,-109.17287099276867
2023-02-15,-2770.4214121896653,-3944.8695112165465,-3616.1049366905836
2023-02-16,-210.96155510225722,-105.48077755112861,-141.43905523601887
2023-02-17,395.53103864863243,780.1816618564881,743.6209241242174
2023-02-20,0.0,0.0,0.0
2023-02-21,1869.9167704874342,2409.9787458306364,2328.124948343942
2023-02-22,-309.6608033968329,-112.9537117460263,-156.6843599620819
2023-02-23,6940.3866175513585,5539.275320524845,5728.3783891681105
2023-02-24,-341.57967559046546,-170.78983779523273,-213.10237550387998
2023-02-27,6094.696257628027,8714.468855694304,8447.476705466703
2023-02-28,1835.3241004700867,2351.1922674078523,1767.9119223409825
2023-03-01,3525.292723134867,4668.133191787466,6461.706470425089
2023-03-02,251.93370622795595,381.3331781496948,502.70161056969357
2023-03-03,-2279.865791353619,-996.2548725669242,-1389.6053849451287
2023-03-06,1454.8003773425928,819.5556724816172,1136.4958360483408
2023-03-07,-16.26624965999997,-100.7256274841727,-66.156501549711
2023-03-08,1784.702197488101,1775.5702009478703,1949.457778686803
2023-03-09,7019.543061601351,8542.300885928582,8222.119617867724
2023-03-10,5017.277759257128,7285.450324785896,8029.862030889643
2023-03-13,-69.23159520890285,-143.8583878519106,-109.33554598146998
2023-03-14,12212.66915198466,15315.42705247621,19124.148484543864
2023-03-15,-448.5687315104368,416.52019128213453,149.86493925277466
2023-03-16,590.1685638212373,1266.4914270328052,1325.9120594250967
2023-03-17,922.5291288420169,2500.121838999317,2296.7530446812357
2023-03-20,1862.2755711752116,2060.358792670758,2299.854646450669
2023-03-21,-859.6545399390541,-639.9110931294666,-678.502048510749
2023-03-22,4466.048111707606,6478.354592451866,6050.094182682223
2023-03-23,3936.171673417764,5258.557425261936,5065.144695241367
2023-03-24,294.5130289027573,496.09407835136875,350.5675518636396
2023-03-27,4816.570953094589,4271.042747962581,3949.182787405831
2023-03-28,-33.20851773229087,-110.94435893897554,-31.727209509695342
2023-03-29,-3072.2085896247895,-1781.2021048675815,-1922.2294260275462
2023-03-30,2535.448940515661,3621.3030715036894,3395.668891535379
2023-03-31,0.0,0.0,0.0
2023-04-03,859.9545778352972,1229.2000902192576,915.3303948641275
2023-04-04,5606.78085363759,6931.950080891824,5798.757863634987
2023-04-05,1018.8192715604719,1306.4729005069464,1224.9530972701941
2023-04-06,-1898.223851562056,-1106.123328471681,-1236.109203401725
2023-04-07,0.0,0.0,0.0
2023-04-10,694.8998197258566,1042.3497295887846,1391.9772109404253
2023-04-11,960.5150035879376,715.6760761839139,663.6802518516197
2023-04-12,16898.385463405797,24074.705238190858,31020.855866284026
2023-04-13,637.6247606756478,818.8124995471134,653.3279881720695
2023-04-14,4688.073948853948,4150.110911748292,3916.4412235302384
2023-04-17,-116.5968383566794,47.06591876993832,-18.312291202146056
2023-04-18,2024.6595338077088,1552.7578022753698,2881.421998043549
2023-04-19,327.34858998634417,285.8736901958011,344.62041955968976
2023-04-20,1135.174368337919,567.5871841689595,751.7686322741638
2023-04-21,497.4697694428035,1091.7781600926905,931.9590370902034
2023-04-24,2039.8735473161369,3262.253303058712,2443.2133270642817
2023-04-25,2150.7677542474116,1717.019741418251,1979.4999046156263
2023-04-26,7819.2748498781175,9532.644903910586,9271.997728436836
2023-04-27,-82.12214487377673,70.52386358449849,117.24512406149236
2023-04-28,-161.41808375847222,-0.3521871618987973,-88.32955268398396
2023-05-01,2557.1906186844517,4224.284877141478,4037.9013235034254
2023-05-02,3155.4471755120358,3588.973113385943,3203.931702641952
2023-05-03,1549.2654109957955,1212.882090622286,1217.8268429433456
2023-05-04,2159.700629510548,3418.1133150067353,3549.145630055626
2023-05-05,-10787.421688199662,-7346.120769301642,-7298.258886917987
2023-05-08,1125.067646371959,1616.2971482688763,1646.193795979171
2023-05-09,370.5049811768999,370.5049811768999,336.8551831657385
2023-05-10,4045.1253137167387,6290.616309067067,6200.543329228466
2023-05-11,2614.754895046859,1340.2914837381722,1379.7830110528466
2023-05-12,4407.864561720551,6475.296358657929,5911.550586764183
2023-05-15,-1022.7276575713139,-1022.7276575713139,-880.4121285662173
2023-05-16,-86.66920833961672,687.8485046791918,450.72903477110935
2023-05-17,-4513.716190506695,-2289.424009460492,-2899.81924576406
2023-05-18,0.0,0.0,0.0
2023-05-19,4893.39395430182,3385.8663961908755,3561.3524177496247
2023-05-22,0.0,0.0,0.0
2023-05-23,232.0036857692835,1590.1111130494844,1670.681991666524
2023-05-24,2085.376926849152,3128.065390273728,4162.417499719935
2023-05-25,10924.270358946753,12618.398104223712,12770.140219197918
2023-05-26,1036.6316158648303,518.3158079324152,579.329510590626
2023-05-29,0.0,0.0,0.0
2023-05-30,5621.278770930326,7594.003893766164,10438.131495574482
2023-05-31,-592.8368179724894,-725.7039890817332,-679.7596202809839
2023-06-01,0.0,0.0,0.0
2023-06-02,4558.107339144356,6687.374683587746,5495.970291617707
2023-06-05,83.63702645199723,41.818513225998615,50.507221997396584
2023-06-06,0.0,0.0,0.0
2023-06-07,4875.438862741525,4695.458861782662,4617.079509049666
2023-06-08,461.6326637060266,311.03015889384926,285.8906441925062
2023-06-09,1234.4104044721867,1092.5579265261056,989.2626493939455
2023-06-12,567.0620878903684,518.6410284088129,430.999694125063
2023-06-13,2051.0078347226217,2970.773209671577,2933.2402390258944
2023-06-14,3094.0843409394142,2849.43203170086,2810.4841986984607
2023-06-15,29.43576971953759,213.4729262381954,153.70621137057088
2023-06-16,10234.604702776574,14798.197604717001,16250.343481277947
2023-06-19,0.0,0.0,0.0
2023-06-20,1029.0823987551692,1543.6235981327538,1824.7460305949528
2023-06-21,1377.177585778603,1451.646271019018,1279.814987766094
2023-06-22,250.00015894571942,250.00015894571942,241.20853831474972
2023-06-23,1138.2443563428928,1288.1797323379365,1559.4424686931848
2023-06-26,456.04283297892607,472.42392269364825,506.3262437808306
2023-06-27,-995.9408646392094,-718.8489539095337,-694.203632539037
2023-06-28,-4763.449350275557,-2834.9823746227066,-3255.195577940908
2023-06-29,1562.6601224766564,877.4838192196197,1013.0330731185004
2023-06-30,2763.2014171205847,2791.5112525455334,2483.5787455378863
2023-07-03,404.08943607411186,496.6177685009693,345.69939694403956
2023-07-04,0.0,0.0,0.0
2023-07-05,1767.9799742498749,2705.832856366985,2921.582128400899
2023-07-06,2092.9830977275788,3479.0337138849122,4292.556260345497
2023-07-07,-2407.4304599544375,-1382.1206817631964,-1488.6641139660683
2023-07-10,0.0,0.0,0.0
2023-07-11,-1447.9057951646669,816.0981216679463,61.85372951617047
2023-07-12,8366.944371454647,10492.008713364972,10228.696999145404
2023-07-13,844.6430693275483,815.1786045356345,733.4369001664014
2023-07-14,529.8016120569697,264.90080602848485,291.6738227339454
2023-07-17,654.363022732595,970.6022463145323,801.8367150194871
2023-07-18,1193.0416828719594,1731.2582052084306,1529.6871318006283
2023-07-19,-644.068425632025,-2063.9302103223786,-1471.2408457651247
2023-07-20,2166.6463702256938,3284.5967744121426,4073.738518837851
2023-07-21,3950.0706706350084,6187.064394110093,6210.286798493518
2023-07-24,403.2254188043424,201.6127094021712,278.5145589480016
2023-07-25,3261.74074195593,3684.99758714353,3290.196328653309
2023-07-26,-27.4909117711843,-168.08488171573208,-258.00030952546484
2023-07-27,21459.092219148424,30072.928854789196,44746.47965253735
2023-07-28,-1892.1169273367523,-1605.7545461026252,-1373.209230057672
2023-07-31,315.34018388118136,1113.5523997657951,1276.5636602423733
2023-08-01,666.6667108182565,333.3333554091283,482.93248133149825
2023-08-02,95.94095675831227,47.970478379156134,57.278336771055784
2023-08-03,-162.91633517407487,-232.97390292487225,-160.51372150249594
2023-08-04,4446.120853313829,6532.170694471676,7551.46008586747
2023-08-07,2202.1515368504456,3061.1532894657275,3049.048668313603
2023-08-08,3355.5501630785357,5296.961573575101,6360.740019540914
2023-08-09,3767.7507909909195,5125.441310485053,4310.439492505564
2023-08-10,7474.162144764255,8780.499785749837,7701.5531166646315
2023-08-11,1415.0248498129,2380.23489165058,3073.2869347156757
2023-08-14,-958.5326639354885,-1473.012597325929,-1109.6258326607042
2023-08-15,2293.9208054708415,3256.1136304137967,2471.593752228275
2023-08-16,441.85847064635936,220.92923532317968,231.7111126142713
2023-08-17,5351.48042061411,6203.152091255973,5643.049151659145
2023-08-18,136.51864172907773,136.51864172907773,123.9921771936789
2023-08-21,613.3757093799142,832.9243672430774,739.1292701067387
2023-08-22,10511.88905476352,11552.465150004384,11243.547251484266
2023-08-23,-913.6098282864458,-733.5986744866354,-741.5369311979397
2023-08-24,26604.54748471139,25556.77676052554,26245.607948596873
2023-08-25,1852.692783766082,2785.937434612777,2939.815615548591
2023-08-28,243.2899490025473,228.01733661222144,377.5854842536619
2023-08-29,-220.9522480867347,-220.9522480867347,-220.06730255862678
2023-08-30,163.2930916308345,425.79037662095266,21.714709409222678
2023-08-31,369.4956500152819,351.4148228112099,343.49242339311724
2023-09-01,1867.8589070667913,3302.0948884793875,4294.010305983774
2023-09-04,0.0,0.0,0.0
2023-09-05,741.7179765768317,922.7029788892393,793.2445737609978
2023-09-06,1743.8330812618228,2005.5193005150722,1827.504688687819
2023-09-07,-16.02512438380934,93.53887847926072,90.1161553397387
2023-09-08,1918.9626470995531,2503.773944621141,2614.003663480469
2023-09-11,4264.844030959444,564.8540299394866,2164.3806709301784
2023-09-12,1429.013892898449,1751.8809823487468,1724.2559561102903
2023-09-13,1557.092824993346,1949.2113633145648,1981.4058550161838
2023-09-14,-534.8223564231281,153.16893173220035,-118.32707383552749
2023-09-15,629.8661550100527,619.0049830683358,516.5003246495634
2023-09-18,654.274091758213,1513.1610306545667,1081.886549824092
2023-09-19,2039.5744710734507,2863.974264542351,2535.1633818834553
2023-09-20,6160.1208353847505,7401.343571750441,6962.388278720906
2023-09-21,1309.8109145076623,1400.7936139872386,1825.7101162146894
2023-09-22,9074.211158146141,12646.539698545044,13789.732759498344
2023-09-25,0.0,0.0,0.0
2023-09-26,926.7034970224183,1390.0552455336276,1663.7926249020845
2023-09-27,2213.689242365721,3173.4606429943447,3740.9759065512217
2023-09-28,1059.4403986286386,1452.601637075535,1470.7318064561625
2023-09-29,9455.90591858145,14183.858877872173,15535.895210335404
2023-10-02,3100.7615997465805,4218.746738381673,4154.630118194618
2023-10-03,1519.7785804784621,2279.667870717693,2492.7851819966577
2023-10-04,56.04656119175592,1051.1462115606946,370.78591053636814
2023-10-05,172.55114406502173,824.4982052353856,692.122606651957
2023-10-06,237.92851340898412,377.26840912778215,390.5208890567367
2023-10-09,-467.1885878494647,-581.5909029531433,-455.21713762146055
2023-10-10,-606.0328912487291,-378.640081346619,-418.7550832602159
2023-10-11,6357.947774344733,6712.338881837603,7927.870760887047
2023-10-12,3866.217637014309,4126.839150500885,3428.039877039608
2023-10-13,2873.228069441496,2305.0558229521125,2178.934782829053
2023-10-16,-2479.1523729452647,-2708.1082331051402,-2205.4907052448766
2023-10-17,69.47859038056265,873.4490956643865,1138.1137728884355
2023-10-18,2275.497864718743,3346.944991221869,3759.939205376463
2023-10-19,6859.985424367973,5777.15540846236,5300.806431147416
2023-10-20,1911.5672297826984,1890.1337247589731,2136.36984504649
2023-10-23,70.2289625199357,109.46385115247033,84.14003931046587
2023-10-24,1804.7088967884933,2707.06334518274,2884.8281448410594
2023-10-25,5501.728543273724,7838.850877444238,8220.84845713655
2023-10-26,1798.3721406692032,1218.2439138817974,1402.633054856541
2023-10-27,6747.613221101775,8819.232037486949,11104.187022698681
2023-10-30,2652.707271461075,2374.241338029457,2240.6149005581997
2023-10-31,80.8324302384195,639.6626478416937,749.9734778855461
2023-11-01,-1022.0290669389806,-1119.518129187661,-895.1897525985843
2023-11-02,-1905.058168258645,-870.5619511068063,-1211.2011613193458
2023-11-03,-2542.439152920563,-1271.2195764602816,-1343.5224932544706
2023-11-06,11626.360707502752,15054.386114573905,17899.014837490464
2023-11-07,-86.21817206339648,-43.10908603169824,18.77481827553558
2023-11-08,3327.99896292076,5013.860502313332,4873.178515124022
2023-11-09,11471.103237330828,16421.560464627317,17705.530086236795
2023-11-10,644.9780346456936,617.36997301434,560.3291318061366
2023-11-13,1031.339695376661,1638.420407980584,1931.6762220581188
2023-11-14,-4442.136529019321,-2251.1140800737376,-2957.2368513299166
2023-11-15,1650.1869730890396,1599.805180492881,1536.9662970480501
2023-11-16,1578.509722716924,2373.750729677135,2548.673162618306
2023-11-17,887.8861262734077,1166.1027478163146,1127.2740144620127
2023-11-20,2073.396189731965,3321.68425762825,3946.6929356434393
2023-11-21,1533.284988622572,1562.9499512774773,1901.8698616167649
2023-11-22,-801.4935251198497,-855.8378578596497,-722.564433351243
2023-11-23,0.0,0.0,0.0
2023-11-24,-987.7038495955402,-186.15989925763736,-425.52657890637687
2023-11-27,1078.3170332441491,1977.7371757620915,2198.635918237137
2023-11-28,1240.8592768369208,1619.3531832901604,1631.6381802394706
2023-11-29,2258.5308987502012,2676.7007965470193,3623.2289764361117
2023-11-30,3000.6021636094692,2827.0268258017977,2766.489813408697
2023-12-01,0.0,0.0,0.0
2023-12-04,1362.5627749442378,2399.568597027493,3503.6985675931887
2023-12-05,2466.2894281963027,3219.042317714433,3861.5421176717227
2023-12-06,3961.7474306875856,3932.9280649007637,4119.449481067064
2023-12-07,790.5054170845292,270.0344854438805,546.2853653811931
2023-12-08,-273.1979293354504,-110.76425347371088,-155.20186083898213
2023-12-11,1797.4027426773628,2416.7083394602178,1720.8851447241434
2023-12-12,1211.552944704176,1442.3910999843727,1274.873968505103
2023-12-13,0.0,0.0,0.0
2023-12-14,-849.9246240140054,481.22003761013804,19.89232554172241
2023-12-15,5492.582519080153,6486.144717426526,7916.038591656123
2023-12-18,1524.1375536693506,2025.6165408988338,2180.6079087447088
2023-12-19,-1484.73299431213,-930.4609235326711,-944.9358223330627
2023-12-20,3469.915478152474,5156.659959730817,6650.590864873804
2023-12-21,-283.36396967386884,533.7812368897627,386.76590916210677
2023-12-22,581.6330601899856,581.6330601899856,487.85519446200885
2023-12-25,0.0,0.0,0.0
2023-12-26,-195.57142825848496,-97.78571412924248,-113.69985997457822
2023-12-27,1165.264489147173,1187.873839389175,957.0549415093056
2023-12-28,928.3668553032705,631.9016017027975,607.16961287651
2023-12-29,3816.1073924270604,5631.991805460673,6507.514324640119
2024-01-01,0.0,0.0,0.0
2024-01-02,1078.770753763417,3327.0248633423907,5488.618528391445
2024-01-03,936.206592947972,1404.309889421958,1715.7981291680092
2024-01-04,1591.4489381652834,1045.7245286872865,1064.3241664634957
2024-01-05,1913.7461590838743,2650.197640614568,2083.193319799854
2024-01-08,0.0,0.0,0.0
2024-01-09,178.5712575121809,267.85688626827135,248.01277821008097
2024-01-10,1293.3395273293195,1836.4796666586951,1444.7003230467299
2024-01-11,4023.4690988499497,6159.724725103794,6242.534642512062
2024-01-12,3152.755440037621,2252.935359058328,2265.739074811185
2024-01-15,0.0,0.0,0.0
2024-01-16,2628.395071337402,3166.7664819163288,2714.8724073488256
2024-01-17,769.2306369719372,1153.8459554579058,1236.8566318532048
2024-01-18,9325.006608311623,11710.56727196913,11741.516419568057
2024-01-19,1616.06505420212,644.0978637985187,900.6288209362872
2024-01-22,126.2035963164696,444.9590148754589,254.01830499433925
2024-01-23,160.15547582474272,249.24591726231682,96.38670763504399
2024-01-24,19547.330202749297,29320.995304123942,39658.590849919245
2024-01-25,5618.495815413534,8563.94673980742,8883.046488705999
2024-01-26,921.9714666120329,1828.8673740224078,1374.9426048524394
2024-01-29,-1019.2907858016772,-1528.936178702516,-1089.2307899845587
2024-01-30,746.8257920343741,909.7120182214815,1110.0442746402346
2024-01-31,716.153679308807,939.4801411695155,851.4022951059136
2024-02-01,1111.8672374996504,2069.2628955786413,1882.5386284328208
2024-02-02,-555.9049531493555,-265.9181086108006,-332.47875413786426
2024-02-05,349.2067624892352,523.8101437338528,380.1633361989181
2024-02-06,739.4365351605143,1071.4730388014193,765.9122521997496
2024-02-07,1692.9012904689507,2672.9618284678563,3150.4677920790896
2024-02-08,998.2730349522927,1081.9317112223318,1083.6697652402095
2024-02-09,3074.302207348729,3275.509645491063,4397.786911167096
2024-02-12,-213.04337874702784,-106.52168937351392,-143.08578202728154
2024-02-13,931.9926496466642,1348.6592387031146,1445.166872363789
2024-02-14,-1792.8034863414164,-587.5995769729977,-860.9632727176835
2024-02-15,2871.314571525174,3978.0717535094473,3709.3066778604666
2024-02-16,104.42445985577628,52.21222992788814,58.35463954044368
2024-02-19,0.0,0.0,0.0
2024-02-20,1400.5273992927487,1796.7229935252976,1899.2307614465142
2024-02-21,1341.6099114212677,1977.2868165948685,1631.0545302982125
2024-02-22,2143.6585794729563,3450.597151578259,2897.1497093086346
2024-02-23,1102.559098732636,747.3577974104675,773.1701774461898
2024-02-26,-1998.8627475486662,-994.3189650805141,-1142.314510388948
2024-02-27,2964.187032166736,2456.841896551853,2624.677674693759
2024-02-28,1930.3368963954285,2895.505344593143,3720.0785978807303
2024-02-29,5167.337301294902,4540.274326550502,4146.370049916606
2024-03-01,3723.5493868268677,3647.7903013446867,5112.139610964459
2024-03-04,6002.2428623472315,6852.5712513809785,6601.079665424132
2024-03-05,600.1372967808843,1829.4108970432396,1983.6241734085515
2024-03-06,4149.228634220071,3263.9994273108,3408.0001223588947
2024-03-07,-3273.244118365903,-2640.2240407298573,-2408.460032120916
2024-03-08,5104.702911714721,3189.343604773903,3308.6789506268988
2024-03-11,8061.2672585682385,12224.06295817143,12390.698762734979
2024-03-12,-242.31146867166945,1611.9130227096393,1145.887177582862
2024-03-13,-89.45628233031061,-44.72814116515531,0.6964310871095165
2024-03-14,4554.192567204471,5038.623836371242,5003.254183431342
2024-03-15,346.5435046640647,519.8152569960971,598.5705716929682
2024-03-18,2752.1934632929056,2076.5031882506064,1882.1852699052902
2024-03-19,513.3126855800342,906.811255814477,737.5057321737486
2024-03-20,-826.4970652195376,-605.5560485723518,-610.9705142494222
2024-03-21,11010.472136689652,9497.362620021762,13101.37015453932
2024-03-22,2092.519980779085,2446.664320313083,1917.3729655196946
2024-03-25,983.6780184060658,1380.3636734183758,1209.0147562708498
2024-03-26,1898.8055613265606,1370.7657516801864,1403.3910338862827
2024-03-27,750.1395746283431,310.1347826975208,520.3182283863072
2024-03-28,581.2824870501793,431.2826301013267,408.76026504225285
2024-03-29,0.0,0.0,0.0
2024-04-01,-1059.3070994585694,1079.332918979364,63.69949951147507
2024-04-02,15.490121237846068,23.23518185676909,98.5806167353874
2024-04-03,-264.8138255331133,-306.82534817792504,-241.73871165503772
2024-04-04,16796.14203792365,12747.61811021501,12772.243078924752
2024-04-05,81.28281111055787,333.6488893016452,31.66445887791093
2024-04-08,3180.411410141918,3009.6244101689567,2582.376088178145
2024-04-09,1478.5386081356028,2309.0821717117806,2214.1945519594024
2024-04-10,0.0,0.0,0.0
2024-04-11,581.5126017150329,962.776459238933,785.9381755691088
2024-04-12,1777.7866096167222,2782.4697810706684,3033.3291261219724
2024-04-15,13717.487979063411,9272.226949509546,9760.479765780463
2024-04-16,2217.8639063927044,2556.3852545208038,2249.387433359223
2024-04-17,8375.362107119025,9588.832622188896,9309.82982874147
2024-04-18,2484.43930886923,4062.8597864182602,4518.881214660077
2024-04-19,1187.598668235748,1021.5964333823002,969.2751786914356
2024-04-22,-222.2139325136453,-123.4988240759124,-121.3409441486445
2024-04-23,-1378.0509633415068,-2043.323564202953,-1516.1520901105835
2024-04-24,4960.955491559608,6950.367964592493,6315.664201476736
2024-04-25,-155.14604230645094,-40.16627789137411,-113.57643522113003
2024-04-26,951.5111154748224,747.2235864518327,693.5849050452222
2024-04-29,-1402.7036223898392,-1171.3927512650366,-756.6406106608775
2024-04-30,0.0,0.0,0.0
2024-05-01,1217.9530640594498,1141.8295850859972,1072.1932148692654
2024-05-02,0.0,0.0,0.0
2024-05-03,4140.570970629126,3539.815555826744,3380.4120664205407
2024-05-06,881.0364683555157,729.0841731058191,633.4493476102158
2024-05-07,2726.38183644902,2305.618366586561,2603.34580011816
2024-05-08,-423.0238211095255,-331.10627729685245,110.79130219533977
2024-05-09,1160.3242405153524,668.2539039025921,628.9991140929658
2024-05-10,6859.134980049777,4849.998002195298,5157.801781219495
2024-05-13,-918.071654040813,-491.1022352114709,-424.76023190267443
2024-05-14,711.9469730666544,355.9734865333272,450.81721942647613
2024-05-15,4681.6481682741005,4638.409713003397,3944.934894740726
2024-05-16,3418.4455116066265,3334.7007823731947,2948.2596222027496
2024-05-17,1086.4288297915687,672.8187416889511,757.5181158890887
2024-05-20,298.50806019357276,298.50806019357276,242.17285386928785
2024-05-21,273.97315080268675,136.98657540134337,169.9537566185381
2024-05-22,-137.42348248995506,-23.1378771955912,145.3232643418865
2024-05-23,14273.44206365407,21951.83025333421,20868.795560208386
2024-05-24,-3044.02655869521,-2818.538769487075,-2455.8355622616746
2024-05-27,0.0,0.0,0.0
2024-05-28,120.36294838033206,710.5002080809726,575.4575877110681
2024-05-29,532.4321525050375,798.6482287575564,1100.279090420959
2024-05-30,2901.814520102387,1450.9072600511936,1770.7061557044676
2024-05-31,3263.8080172255595,2924.9558451451126,2688.72388715926
2024-06-03,7312.177653186891,4356.904431973369,5068.278456243387
2024-06-04,809.8107205266945,1990.4740726964103,1569.0191690730674
2024-06-05,-3191.288926355151,-2067.9945011927025,-2250.760160909787
2024-06-06,628.4153379228258,942.6230068842386,885.4649145560282
2024-06-07,-19.150788267223646,1.340994988405427,-11.616467590152602
2024-06-10,-1230.77632657101,-673.0937699928807,-784.6990467054558
2024-06-11,578.9903693356537,839.6860662560325,641.4259730445918
2024-06-12,4125.518859658902,6846.7695013326875,6248.9567608735215
2024-06-13,3229.0345943360544,2326.059818785425,2709.0870596307504
2024-06-14,920.3373814283597,899.8455981727305,861.7683383213431
2024-06-17,884.6730859798835,1769.655813506937,1657.436164016097
2024-06-18,65.14017102580539,662.0061011752327,702.8047645143074
2024-06-19,0.0,0.0,0.0
2024-06-20,5311.657576753692,6772.380929516607,6948.274572593069
2024-06-21,-814.0003384317374,478.6921158682344,742.3321964203508
2024-06-24,110.77117438895081,-26.136072711923276,39.83652511836925
2024-06-25,1836.7048611379219,1554.3957574911256,1373.8432685131738
2024-06-26,1086.0215114394575,819.1247381018597,876.3572322466201
2024-06-27,2180.3563342720213,3034.5329089184643,3589.6803569202752
2024-06-28,5385.20065656402,7245.556115380943,7106.561865329017
2024-07-01,2252.8762909928123,3565.2775526673754,3061.052671642168
2024-07-02,297.5192706648564,719.2563236695572,1013.3879071893602
2024-07-03,-381.37737096919386,-252.03861563818882,-248.90005219187864
2024-07-04,0.0,0.0,0.0
2024-07-05,1044.5674720823356,1920.8791177887097,1355.1678951554431
2024-07-08,2120.8525880401467,2985.203749878529,2968.9848584915853
2024-07-09,1976.1753126092833,3539.504156710576,4025.9803116083012
2024-07-10,1622.3096715935117,2823.8218887422336,3101.312805260294
2024-07-11,4128.621742064516,5322.359531414843,5928.818047048811
2024-07-12,-664.3608653018482,-284.21884857275666,-357.24055943705986
2024-07-15,5238.24674052499,5877.774404527095,6435.310226784456
2024-07-16,418.32078614404907,209.16039307202453,247.97623766094557
2024-07-17,1901.0685781797451,2851.6028672696175,4249.021987265522
2024-07-18,19448.282170612056,16937.22266505162,17715.623257182677
2024-07-19,1113.961483315491,985.5740050914849,809.9216299746595
2024-07-22,-2678.7811028230176,-2175.500318842106,-1984.2323791883857
2024-07-23,261.7569882034822,387.43199793320275,298.79899317441476
2024-07-24,2924.0673276412926,4434.724732681835,5621.4748587946615
2024-07-25,-485.63258489005,-120.76837741392,121.12955928202655
2024-07-26,4000.341301804837,5671.0702899287835,4745.383226807739
2024-07-29,10090.363266425737,11907.899651008014,10215.407444786095
2024-07-30,7493.308671457366,8345.333987870614,7187.193977851688
2024-07-31,-27.027000903735278,-13.513500451867639,-14.63464667163256
2024-08-01,7175.554500668605,9021.59575082619,8561.99402692637
2024-08-02,1182.8457769066351,1659.7698434562972,1493.17202104288
2024-08-05,60.1690830496149,90.25362457442235,146.13828219543265
2024-08-06,5477.385241798299,8044.231495094081,8131.812092092232
2024-08-07,20727.84877666691,22712.566114593774,30066.9013530293
2024-08-08,0.0,0.0,0.0
2024-08-09,-265.90996570889973,817.6192711558042,1604.821682425952
2024-08-12,2723.503976175022,2299.041105767662,2057.5586630572902
2024-08-13,-591.7492726886175,-295.8746363443087,-238.43533023700437
2024-08-14,7806.382566235386,9958.336297862043,8385.93142898897
2024-08-15,-2081.222509073069,-1876.6767930664416,-1646.6135024919436
2024-08-16,-876.254901813781,-752.4986843483092,-650.5709977949884
2024-08-19,299.373148763178,396.5060753406098,660.7011942226065
2024-08-20,553.0826910470312,1018.6488022969886,923.859207624488
2024-08-21,-1861.7337328854258,-1323.2717711956248,-1286.5898191722076
2024-08-22,4624.650552711258,4517.628000748945,5320.430801175673
2024-08-23,-541.2126870646964,-216.3932182507566,-273.98585143174654
2024-08-26,793.5995564492573,882.8658896660745,1002.6972462911589
2024-08-27,-91.7430289635912,-137.6145434453868,-143.4745418662476
2024-08-28,1207.8843159254957,1370.532895769353,1142.0827251739893
2024-08-29,42.86937519780744,186.85069800241754,91.09876262283494
2024-08-30,2468.644097227321,2666.469120915528,2889.478909100073
2024-09-02,0.0,0.0,0.0
2024-09-03,362.2543130755995,543.3814696133992,511.18200078086346
2024-09-04,-15.63385873992317,-7.816929369961585,-25.599121239312296
2024-09-05,509.3800216262057,254.69001081310284,383.68356218713
2024-09-06,7806.903087837985,6549.933213377341,6647.526371253611
2024-09-09,-2788.5653506887547,-1970.5363989839354,-2074.8720272390738
2024-09-10,-1498.564813417494,-1649.0933003891314,-786.2717350665897
2024-09-11,-2384.058761985842,-1654.1946110950307,-1784.8019540286912
2024-09-12,0.0,0.0,0.0
2024-09-13,-1329.4501800843018,-664.7250900421509,-720.8818868563756
2024-09-16,1291.5529846043332,1762.4869561380424,1224.2495299872242
2024-09-17,1260.1801795567917,1265.1832672491473,1083.9954198090263
2024-09-18,1397.099181325286,690.7001173019711,906.8146491603623
2024-09-19,6522.8025489644415,8755.80863281443,9843.60477266087
2024-09-20,-1557.131017541496,-1462.7914797766657,-1435.8846765319597
2024-09-23,2423.568751850022,1900.8412828770076,1813.7553320713364
2024-09-24,316.24925333547526,283.124878124829,260.1526856297943
2024-09-25,528.043291619287,1344.5094748478998,1067.3727719764317
2024-09-26,5133.1184976812165,7492.445436010351,7938.090452206788
2024-09-27,-460.70916061422565,-455.372859054672,-419.5283118971556
2024-09-30,674.2713417251277,571.1783523372121,504.04123165480917
2024-10-01,657.3262591208103,745.8007535478423,800.245414506637
2024-10-02,284.4312822963887,-75.60934205917806,30.769376065132064
2024-10-03,2060.715162233858,3139.0819278145846,2744.7168420376784
2024-10-04,-1500.9218295204219,-740.3016899737264,-928.6782632111381
2024-10-07,856.6117705112715,975.2950023925636,826.2903032156819
2024-10-08,-1425.5659372119794,-734.7707395990079,-950.1882955314762
2024-10-09,1654.0100662087295,921.344570869195,1124.3753019856558
2024-10-10,-411.5720603507201,-617.3580905260801,-768.5734911215117
2024-10-11,0.0,0.0,0.0
2024-10-14,-252.8738091841796,-126.4369045920898,-121.17561696684704
2024-10-15,81.72115113670179,156.9161142962845,133.3958585044016
2024-10-16,900.4224374156693,450.21121870783463,504.990751364477
2024-10-17,7252.435926083323,6302.638854387812,6638.565848644966
2024-10-18,815.1361114219417,1031.878582593341,902.4526396701302
2024-10-21,1813.844227616721,2243.593705012913,3236.378214478019
2024-10-22,1807.0177376616384,2623.7129947200947,2491.779398709698
2024-10-23,1590.2711968905817,1888.299796017187,1655.1640013949898
2024-10-24,-946.4484230965159,-503.2542550855461,-636.2436431747187
2024-10-25,978.4368386242542,581.3799341973156,675.5001330269419
2024-10-28,-393.31139447881833,309.17744224645645,199.70865653886798
2024-10-29,2935.1953160963067,3275.6588256347613,3036.12680085416
2024-10-30,3421.7675950048933,4680.0354171446015,5333.322563352118
2024-10-31,1220.3999495721403,1686.5911217913663,1976.8638370382196
2024-11-01,6100.146869341742,9219.455612066806,12476.015132842886
2024-11-04,485.71373102613774,242.85686551306887,258.67755603381624
2024-11-05,-1289.9087924797627,170.26135343617156,-255.8758290536314
2024-11-06,844.1364226354348,1325.3270597121164,988.4831139308034
2024-11-07,-583.8358562026997,-291.91792810134984,-380.81531961084266
2024-11-08,762.0871308000395,381.04356540001976,517.5808879039243
2024-11-11,750.1698037372314,554.5587788217407,491.6106031902529
2024-11-12,0.0,0.0,0.0
2024-11-13,11500.30348412609,17027.269774091754,18890.77828953166
2024-11-14,2515.2106020991187,2110.8910746344254,1989.5805270808792
2024-11-15,2772.5404517283114,5114.841716604855,5373.530329220993
2024-11-18,2181.730474586941,1466.8704126165007,1553.5831310684655
2024-11-19,-198.35563435373297,22.773287097317223,-49.44967686381918
2024-11-20,661.9062373035042,405.42062808639275,463.01466250130255
2024-11-21,-1708.922714712869,-398.053703944334,-634.8092648495241
2024-11-22,1044.600770208309,1227.705994569831,874.2266987701696
2024-11-25,9589.407514786288,9745.615277909272,9293.09415120196
2024-11-26,1485.954467176309,1036.2373996998435,1109.5138654098148
2024-11-27,-743.7520565748057,-324.8918393067586,-502.6724432368685
2024-11-28,0.0,0.0,0.0
2024-11-29,1305.816721456758,1423.7012120658142,1526.130544016066
2024-12-02,13460.738422172755,17742.48531096669,16636.422622646216
2024-12-03,1427.9574322436197,1650.2129750888998,2086.751235805435
2024-12-04,1025.630277157192,2024.082813715399,1878.0183237577398
2024-12-05,2106.6153537619907,2033.3158288070993,1668.599383123739
2024-12-06,-155.22749309036067,-655.2348580204097,-304.9466466415114
2024-12-09,9240.519398294884,10539.141548594862,11446.393220797929
2024-12-10,1267.6746060797645,800.5040756703619,896.3497837545045
2024-12-11,1253.0895426031518,2359.992179644221,1945.6361348459905
2024-12-12,1725.9044595649784,2302.4332544493923,1736.5433586312995
2024-12-13,1877.5417297810081,1503.4888122471802,1564.954986561478
2024-12-16,-1155.807909131964,-577.903954565982,-590.4869324729832
2024-12-17,1801.6000981825205,2702.400147273781,2809.831672790684
2024-12-18,13931.749784879685,20897.624677319527,27250.076361870822
2024-12-19,21247.91884543774,27448.3063637241,27274.50842825673
2024-12-20,88.54567053278063,88.54567053278063,76.36904897902886
2024-12-23,-4301.071455249679,-2825.3325555156534,-2647.2852992835797
2024-12-24,-1.3144032641359757,325.2551438974313,193.01623480969508
2024-12-25,0.0,0.0,0.0
2024-12-26,-1185.212105026319,-520.3635332654258,-899.621564863395
2024-12-27,4145.381608652263,5991.247474000851,6809.092938839503
2024-12-30,-182.4815771615189,-273.7223657422784,-315.8218790498348
2024-12-31,5201.721847315089,6699.233832222306,6028.827918156156
2025-01-01,0.0,0.0,0.0
2025-01-02,2500.8467260622865,2050.081596863407,2995.1554147068555
2025-01-03,-3914.5995774614576,-2672.735017729373,-2922.179727694412
2025-01-06,1790.025376067585,2454.8027163769393,2547.1671416515987
2025-01-07,7709.627932269782,7331.7154474812205,6828.936724237895
2025-01-08,117.64764455773846,117.64764455773846,104.05824508802424
2025-01-09,0.0,0.0,0.0
2025-01-10,2494.940889225962,3584.0935059420103,3323.0942025979402
2025-01-13,-514.6837845947745,-314.3473205981304,-373.7843855307951
2025-01-14,5793.09489251384,4610.108061781158,4564.979363310304
2025-01-15,-2663.1631623390176,-1927.733904213033,-2184.812634193177
2025-01-16,1446.1362715745206,1258.2549740550326,1233.1929084629119
2025-01-17,2791.6272285251116,2922.084335222685,2905.369349562248
2025-01-20,0.0,0.0,0.0
2025-01-21,-3614.6431486486986,-2371.536209575897,-2590.565725463475
2025-01-22,-1486.4292270166347,83.62305562842198,-558.1790772105315
2025-01-23,0.0,0.0,0.0
2025-01-24,64.65086273964246,-158.03487550313284,-60.20084422967287
2025-01-27,-65.5587094067245,-98.33806411008675,-100.04319903761277
2025-01-28,-540.6018326464733,1879.638644508154,1150.7569819126152
2025-01-29,-53.461009332389125,-62.390541085575364,-55.36911510252501
2025-01-30,1826.1991426698592,1611.687835810153,1530.3514357954318
2025-01-31,4337.197264088264,5235.34214083724,4060.4272807808647
2025-02-03,53.69164974730405,80.53747462095608,128.75743029763441
2025-02-04,-1132.9992769718867,-863.9187214827351,-953.2609642166408
2025-02-05,1250.021218770899,2834.962377158099,3066.8165502527077
2025-02-06,5506.129709034668,7266.340117969222,5722.868680994178
2025-02-07,-938.2837656944755,160.14759831583933,-205.55120777519812
2025-02-10,1485.8654404446047,889.629130736214,912.3189028410648
2025-02-11,1247.8192212592958,1247.8192212592958,1087.1769040903966
2025-02-12,-2118.68346665313,-1386.7261264640242,-1635.7211940414554
2025-02-13,-796.3548159071072,276.57772257854833,83.02331637397185
2025-02-14,294.3789664476612,2329.3680857448835,1743.2354538395934
2025-02-17,0.0,0.0,0.0
2025-02-18,765.9880698336301,1277.3779100574754,1616.6917308770094
2025-02-19,1929.2502856946214,2123.9345258304006,1266.54382659127
2025-02-20,3299.293075310686,4226.904160373383,3839.444541334736
2025-02-21,21661.857950783364,29586.57307479014,37685.53411310151
2025-02-24,5791.418399865766,8447.271558585635,7861.420253391661
2025-02-25,4082.3085941829013,4077.136805644215,4105.118435299897
2025-02-26,-3070.453921727802,-3054.25736772198,-2231.418995683406
2025-02-27,29524.95276054015,44287.42914081022,59387.17408728344
2025-02-28,-112.24493116103939,-80.4527617358317,-81.56701260514228
2025-03-03,35091.70520975708,50350.69098587059,55706.32174516792
2025-03-04,13.140905001821192,6.570452500910596,6.607163001635064
2025-03-05,-240.67213631694193,-120.33606815847097,-102.3104528770246
2025-03-06,0.0,0.0,0.0
2025-03-07,91.97903647538797,118.11162445849297,83.3095246511301
2025-03-10,1443.3769092368402,2165.0653638552603,2687.304845947317
2025-03-11,0.0,0.0,0.0
2025-03-12,7280.4468920239715,10335.917331101242,11656.192169831795
2025-03-13,2853.4015374127443,2672.191975176215,2200.215937114381
2025-03-14,0.0,0.0,0.0
2025-03-17,-609.1053461448894,-462.9456935644266,-466.43922216484174
2025-03-18,237.05237765270934,268.14250572659137,263.3037539647527
2025-03-19,-1487.370931024181,-680.5967694645365,-926.2920031493256
2025-03-20,-68.33974746986664,88.99930039378197,40.14394480119114
2025-03-21,0.0,0.0,0.0
2025-03-24,-783.1623359134178,94.61835866677336,-341.32685729776443
2025-03-25,493.06628373046806,882.1257843079659,1179.7998225748656
2025-03-26,5054.430982292353,6970.535928939488,7325.522880708901
2025-03-27,1055.546857117194,1633.9356301605774,1396.6672494053482
2025-03-28,1431.1988918126963,2155.254057125071,2160.5143352008786
2025-03-31,317.2913068995384,475.9369603493077,349.73701186064767
2025-04-01,866.7788321870879,1376.8177250938288,1429.9183099667912
2025-04-02,344.82726727597003,517.240900913955,516.932597139721
2025-04-03,1161.5632789204283,1062.9763961529827,803.7529693305644
2025-04-04,1215.9638615599124,1823.9457923398686,2954.983707005699
2025-04-07,0.0,0.0,0.0
2025-04-08,60157.735179698655,90236.60276954799,162314.75589941244
2025-04-09,0.0,0.0,0.0
2025-04-10,66.10684552215595,99.16026828323393,79.2310260510138
2025-04-11,-2160.2096635568328,-2236.709725879816,-1909.8218500201413
2025-04-14,19169.403518277413,20622.606708309984,19832.763073532475
2025-04-15,3007.8074821452774,3607.4288591587883,2933.2374908748934
2025-04-16,-452.0552687382497,-289.82988438674715,-277.7889281625818
2025-04-17,3383.9419582909236,3857.1732793363253,5450.830348187837
2025-04-18,0.0,0.0,0.0
2025-04-21,2435.8017269920465,3662.749751685736,3705.0009293947915
2025-04-22,-626.177903670734,-251.59332518755156,-191.9121099614372
2025-04-23,9559.93465426815,13178.305170559774,15031.687889021141
2025-04-24,1463.7918568104144,1074.9192672272502,951.3364871484832
2025-04-25,0.0,0.0,0.0
2025-04-28,2231.7488443277393,2433.60538660783,2735.764047609087
2025-04-29,754.0013147855295,1723.7859581570165,1910.3231996413663
2025-04-30,3.009518894773312,1.504759447386656,2.1236150241935623
2025-05-01,6910.5019210640485,6254.768273231439,6058.567852230922
2025-05-02,-13.105959386824908,-6.552979693412454,-8.059084226206346
2025-05-05,-108.98155547898716,518.3457938663273,427.40050589103413
2025-05-06,226.41168035260972,82.04765534430078,117.69287968361112
2025-05-07,283.67631571653897,-758.1614174586427,-844.1587809873485
2025-05-08,-659.9055327093631,738.8727979828608,464.81238633461794
2025-05-09,1879.5111927431558,2175.7040164919026,1972.2932029719868
2025-05-12,3447.1150249293364,5363.552334187297,8236.15958378861
2025-05-13,0.0,0.0,0.0
2025-05-14,-123.58664129000306,755.3255560271075,316.42244482629724
2025-05-15,-189.6480053208512,-167.67711785235272,-168.05350497507115
2025-05-16,0.0,0.0,0.0
2025-05-19,-242.27049909708305,-104.95426648129157,-142.7732080399127
2025-05-20,2920.429871865982,4399.174688196135,4379.2432376468205
2025-05-21,1121.3870901377722,560.6935450688861,601.2742531019659
2025-05-22,1910.6959971086096,2160.0429847416594,2294.446409447725
2025-05-23,408.1634763179803,612.2452144769705,716.6946046774793
2025-05-26,0.0,0.0,0.0
2025-05-27,-1495.3236513358015,-423.09954920078036,-387.4608752604006
2025-05-28,2239.8116849304956,2646.233404822935,2400.8697592037697
2025-05-29,19375.519135321134,23331.626345958604,32187.255282971273
2025-05-30,95.9151871949183,299.9969253539085,228.3269046555927
2025-06-02,913.6048502607356,1415.5001329119611,2109.968396754047
2025-06-03,5931.870488877198,7979.806694204448,6921.722257440074
2025-06-04,140.33686291143766,174.2734447374093,190.9239029090374
2025-06-05,4737.64382098318,4789.885142637072,4899.389343816715
2025-06-06,-1418.6917472780938,-400.1470047185835,-820.8159697625881
2025-06-09,992.0424136944774,2469.5249800597508,1784.619406020109
2025-06-10,4291.868126199024,4405.373112033071,4034.936352606287
2025-06-11,-365.94944117516104,-182.97472058758052,-98.89907315416833
2025-06-12,0.0,0.0,0.0
2025-06-13,-98.094314337433,-84.88941738371366,-87.30692688348145
2025-06-16,-372.3569400189506,-116.42825636051916,-64.82926734076034
2025-06-17,2624.3275610649744,3798.778376702412,4545.895461122887
2025-06-18,353.66198038188236,176.83099019094118,205.30759852005184
2025-06-19,0.0,0.0,0.0
2025-06-20,7678.765922588907,9545.553869359137,8455.716827651562
2025-06-23,-56.676489807467554,-28.338244903733777,-38.47151830204676
2025-06-24,-597.042850575373,-359.0590713713195,-341.00816713183167
2025-06-25,5743.011871113531,4029.8675283093557,4117.268455427043
2025-06-26,-190.90829236723863,-298.54860709075587,-216.3728736583842
2025-06-27,2093.1046179556793,2632.087606762795,2184.071890547073
2025-06-30,229.31067063595398,317.7736548374452,233.94554992772603
2025-07-01,2054.4198892977533,2689.0145673259253,3067.1336138879374
2025-07-02,820.8892888664266,659.2920616537215,703.1596146736407
2025-07-03,100.73077163051985,167.81340497668185,84.41347737367052
2025-07-04,0.0,0.0,0.0
2025-07-07,246.57425971835946,369.8613895775392,472.80045745316795
2025-07-08,1932.6807858478323,4063.820062355981,4095.3342267703674
2025-07-09,1489.9833358834053,2537.6373566010916,2048.255262527149
2025-07-10,1086.298544143907,1139.8226656124734,988.5757538509889
2025-07-11,3447.9448156927483,5176.450496059942,5113.6394095819805
2025-07-14,-1026.6696920582385,-530.8989171813673,-586.0100724476141
2025-07-15,1824.0486251414113,1681.5321721380196,1684.3069498535608
2025-07-16,-1532.696937972916,-2820.7559651095526,-1921.9834296142274
2025-07-17,449.27867437080727,554.5076079771083,606.9414283518189
2025-07-18,-1000.3697412787831,263.76986277877563,215.10735323047447
2025-07-21,8213.025021942813,10138.39390431466,9053.622147626895
2025-07-22,642.787963755219,450.2801097237475,440.2238172981693
2025-07-23,-84.27996766124596,-126.5047837571905,-86.01534212681148
2025-07-24,1252.2061151690996,1416.4262701555133,1216.1629488898566
2025-07-25,1642.5863064197683,2342.8261585523323,2464.015583677441
2025-07-28,7250.661460718165,9702.59213534789,9839.481113644682
2025-07-29,7550.414403306957,11040.53427582502,11698.59348159618
2025-07-30,534.4956182980704,267.2478091490352,245.7111385786592
2025-07-31,8701.414590715332,12866.244367257397,13842.72991870998
2025-08-01,-690.7801477971985,-716.2337018634272,-699.4244771473221
2025-08-04,-6643.417183429938,-4066.3650913437764,-4156.292706436595
2025-08-05,-451.85879094747446,1022.7377246748284,128.38228255343645
2025-08-06,-205.91063315118708,-96.2591984324588,-163.77146910787744
2025-08-07,5484.643413428631,3633.6782999607326,3712.0236892163202
2025-08-08,3130.465548661791,3729.043460298155,2919.893704411669
2025-08-11,3353.9650114294705,2486.483071605675,2559.719982195613
2025-08-12,-1191.3579692825458,-763.0428344208156,-691.7964224744971
2025-08-13,1277.8395612978886,1387.685235262915,1080.9560892399402
2025-08-14,-441.07324228934965,-245.45583111138797,-297.6393776178181
2025-08-15,903.8707739384009,1014.3932418467188,1489.2259858257298
2025-08-18,-1183.6847492900429,-1925.5267424653377,-1672.4335637889847
2025-08-19,7496.013901311721,11244.020851967582,9586.167719417454
2025-08-20,281.90447391171284,95.93567697638626,115.98143102422132
2025-08-21,240.46108535081842,284.82761955769456,195.4664281013547
2025-08-22,-3120.797714946424,-1763.9940666619646,-2136.7071303783714
2025-08-25,517.5335441693584,1182.7119649471804,719.8858965684394
2025-08-26,-1789.4169167837458,-884.7848846819961,-1086.0658919025736
2025-08-27,1896.283377049063,927.607826721147,1310.945098460824
2025-08-28,-677.1040057690686,-190.12712793165292,-266.35826763650635
2025-08-29,2092.794798622393,2579.1132476725484,2352.3244179292838
2025-09-01,0.0,0.0,0.0
2025-09-02,0.0,0.0,0.0
2025-09-03,5536.398584394285,7254.998232413634,6678.289459705821
2025-09-04,1184.2427891065981,1776.3641836598972,1275.3490488581856
2025-09-05,4749.723131789333,7581.861579579719,6335.905781352971
2025-09-08,1787.1595922126005,2247.6254026488755,1604.7184013904691
2025-09-09,497.5865134529763,746.3797701794645,520.6100846249453
2025-09-10,4871.921141841597,3038.5706331417205,3313.84270119756
2025-09-11,-5539.218822511104,-6983.792648792132,-6692.281262180698
2025-09-12,0.0,0.0,0.0
2025-09-15,-113.01145337415238,559.901641450622,305.0486018164352
2025-09-16,1192.1710191593152,1494.0447925528247,1190.7566547395977
2025-09-17,-1668.293152961056,-2165.999827070356,-2062.322359614063
2025-09-18,-408.5220711642816,426.16162276680905,576.3198670819588
2025-09-19,646.3974635718964,557.2626106776685,514.3582298010476
2025-09-22,159.82145250883332,124.17966325267577,198.0780805541823
2025-09-23,-156.1274392782036,872.0580514131995,362.07120501838426
2025-09-24,3522.326494863303,3508.7769728267313,4295.9062628481815
2025-09-25,0.0,0.0,0.0
2025-09-26,1984.571289319492,1732.4058847703418,1999.3591740170432
2025-09-29,747.6215805313108,938.905279999461,745.4539059102478
2025-09-30,1301.5308502305616,1737.0305223092714,1820.7984163525568
2025-10-01,832.1327924640286,1108.5166139895077,1290.8603241057103
2025-10-02,1950.5137379960267,1946.2637925041277,1732.6637505713365
2025-10-03,289.8159581188547,74.17759133164188,205.92879075102383
2025-10-06,-181.19292838482016,908.420784925026,211.18502106267584
2025-10-07,6573.2259671306265,5899.192382372745,5878.387217619431
2025-10-08,1678.211248970944,1603.9425374908822,1406.8263539451145
2025-10-09,1590.6595841976991,1643.1348395783673,1333.5173253179244
2025-10-10,11427.623873922028,13185.681703072994,13195.328719130524
2025-10-13,-5463.506129234735,-2731.7530646173677,-3151.7302409300255
2025-10-14,856.696927324997,860.9178461366147,618.2110932468265
2025-10-15,2273.1117954900064,6504.524371419035,6123.392621153115
2025-10-16,11375.098247953425,16798.749383521175,19419.9536451882
2025-10-17,781.25,1171.875,1062.7027152732935
2025-10-20,2198.7344170759266,1172.4004584461582,1514.8111881152752
2025-10-21,671.9981915585511,335.99909577927554,472.03796178658126
2025-10-22,1404.854178191158,1218.9559984311045,1036.3923014877778
2025-10-23,1619.4176614818418,892.6203071834979,1052.4257828571185
2025-10-24,1448.0915343762547,1068.6435327260624,1095.764073205847
2025-10-27,5141.743073776721,7173.379893420263,6955.800016707635
2025-10-28,154.24287470526235,665.209168006283,357.19540547256474
2025-10-29,1082.989545925131,1960.0996716989914,1965.6024199001595
2025-10-30,803.4783946095483,1400.4556144915173,1312.311327926307
2025-10-31,985.4134725898912,3027.769197298462,1989.217150172069
2025-11-03,7298.7325562908645,8902.216902364338,7494.4472438130715
2025-11-04,613.4609183938989,953.7247946008088,829.7264426189582
2025-11-05,-134.94288102385232,63.146470316001995,-48.006715663749446
2025-11-06,5751.8074817752395,8653.898640448406,8827.810625139356
2025-11-07,385.8148924450599,588.7781932833549,448.25379679208754
2025-11-10,4876.068791960655,10122.18739843835,7914.553029714433
2025-11-11,-215.1893638032676,-107.5946819016338,-147.67122597282295
2025-11-12,4870.628979192334,5167.164707516601,4185.677040371243
2025-11-13,506.747130401311,949.9939270888208,1140.5968981547828
2025-11-14,-157.39829633533873,-236.09744450300806,-277.3354231470877
2025-11-17,2397.265567833525,2225.648393509565,1930.6218202818116
2025-11-18,-13.158196062266148,-19.737294093399225,-15.089385376653578
2025-11-19,1072.7241237279254,1676.050436870211,1473.5136631151
2025-11-20,61153.50760483191,75201.96355342444,109888.0537958285
2025-11-21,-1349.2102564543443,-1323.094056242796,-1677.2406595953253
2025-11-24,-10156.32501156784,-7623.109525069963,-7751.2669509869
2025-11-25,0.0,0.0,0.0
2025-11-26,-1014.4986167791305,-505.5918803470534,-559.6719857468668
2025-11-27,0.0,0.0,0.0
2025-11-28,-855.2190041649859,-427.60950208249295,-465.47721035897354
2025-12-01,1770.1909471096935,2698.540913056953,3168.8355464449187
2025-12-02,-433.5726606942289,-216.78633034711444,-262.5637728162047
2025-12-03,-1145.7900403858027,-409.85137644182305,-507.06850152950983
2025-12-04,0.0,0.0,0.0
2025-12-05,3333.5709616662043,2826.4183305832426,3217.3618704222426
2025-12-08,1903.2530397285047,1515.191625985922,1439.3009418881472
2025-12-09,0.0,0.0,0.0
2025-12-10,0.0,0.0,0.0
2025-12-11,-391.7618322364531,-195.88091611822654,-209.9867539173945
2025-12-12,2165.7381559663786,2155.7768281425024,1879.7501996826172
2025-12-15,17298.176097832547,19928.4306034138,20399.344447734282
2025-12-16,-1313.2423242854643,-1229.3316129893722,-1015.9515608686254
2025-12-17,10035.832258694509,10384.938245749305,9123.75663278533
2025-12-18,3910.1811144922203,3617.146072661174,3438.6403229509
2025-12-19,-10525.162348459311,-6850.110191995544,-7175.595719725108
2025-12-22,723.5481561788467,308.3467873606723,463.76476927320675
2025-12-23,-710.4797286618764,-710.4797286618764,-649.3512062824619
2025-12-24,833.323257668568,474.13283807823814,533.9804010090432
2025-12-25,0.0,0.0,0.0
2025-12-26,1459.5141476541207,1198.9679123779463,1115.631597160172
2025-12-29,0.0,0.0,0.0
2025-12-30,2965.502417906876,4222.591738057456,3993.1902552008146
2025-12-31,317.70752395665113,158.85376197832556,180.90094415576883
2026-01-01,0.0,0.0,0.0
2026-01-02,-14987.098383472727,-13167.543003247329,-12015.751664943597
2026-01-05,-12016.524765503855,-10043.004822801557,-9690.091526306584
2026-01-06,-1421.912838434862,-710.956419217431,-762.5374930366155
2026-01-07,-103.43874311518277,-51.71937155759139,-63.982867183639726
2026-01-08,854.2800963988367,595.3665563075679,556.9073699708739
2026-01-09,1564.211570742003,1633.989156143864,1570.3355923375193
2026-01-12,-2684.131529332603,-3640.429131916433,-3006.8202400217797
2026-01-13,-210.91175611163612,-210.36248594203892,-125.25393783495926
2026-01-14,-2067.791331009305,-3166.995981193472,-2704.9564891843374
