window,win_rate,avg_return,count,baseline_win,baseline_avg,daily_returns
5,0.315702479338843,-0.013557034390598832,605,0.47355851245308767,-0.0007705220148727989,"2024-01-01    0.0
2024-01-02    0.0
2024-01-03    0.0
2024-01-04    0.0
2024-01-05    0.0
             ...
2025-12-27    0.0
2025-12-28    0.0
2025-12-29    0.0
2025-12-30    0.0
2025-12-31    0.0
Freq: D, Name: Strategy_Ret, Length: 731, dtype: float64"
10,0.33587786259541985,-0.009099413805826354,524,0.47355851245308767,-0.0007705220148727989,"2024-01-01    0.0
2024-01-02    0.0
2024-01-03    0.0
2024-01-04    0.0
2024-01-05    0.0
             ...
2025-12-27    0.0
2025-12-28    0.0
2025-12-29    0.0
2025-12-30    0.0
2025-12-31    0.0
Freq: D, Name: Strategy_Ret, Length: 731, dtype: float64"
14,0.32978723404255317,-0.009980864770210736,564,0.47355851245308767,-0.0007705220148727989,"2024-01-01    0.0
2024-01-02    0.0
2024-01-03    0.0
2024-01-04    0.0
2024-01-05    0.0
             ...
2025-12-27    0.0
2025-12-28    0.0
2025-12-29    0.0
2025-12-30    0.0
2025-12-31    0.0
Freq: D, Name: Strategy_Ret, Length: 731, dtype: float64"
20,0.32581967213114754,-0.009445466736462326,488,0.47355851245308767,-0.0007705220148727987,"2024-01-01    0.0
2024-01-02    0.0
2024-01-03    0.0
2024-01-04    0.0
2024-01-05    0.0
             ...
2025-12-27    0.0
2025-12-28    0.0
2025-12-29    0.0
2025-12-30    0.0
2025-12-31    0.0
Freq: D, Name: Strategy_Ret, Length: 731, dtype: float64"
50,0.29441624365482233,-0.019731528628759227,394,0.47355851245308767,-0.0007705220148727986,"2024-01-01    0.0
2024-01-02    0.0
2024-01-03    0.0
2024-01-04    0.0
2024-01-05    0.0
             ...
2025-12-27    0.0
2025-12-28    0.0
2025-12-29    0.0
2025-12-30    0.0
2025-12-31    0.0
Freq: D, Name: Strategy_Ret, Length: 731, dtype: float64"
