Ticker,Date,Gap_%,Tail_Mom_%,Pre_Fade_%,Day_Ret_%,Win
ABAT,2025-09-23,5.426191192047335,-1.8586666666666691,0.7146404263468252,6.943295814770891,0
ABAT,2025-09-24,6.280422408350832,0.7771853429616429,3.316888033400431,6.575967406395028,0
ABAT,2025-09-26,2.7981385273353867,2.44627776197077,2.450957415840656,-1.7982071179598818,1
ABAT,2025-09-29,9.251560514455202,-2.1339315514421067,5.253546319315126,8.04598045695052,0
ABAT,2025-09-30,1.547388781431336,3.6820124317709473,8.561020383852213,-7.619047619047626,1
ABAT,2025-10-02,0.9633867267468914,-1.9830042451564258,5.109492531658097,-4.389308800849139,1
ABAT,2025-10-03,2.3752532319394457,1.7320896791237315,4.317076138280989,-4.854750981588175,1
ABAT,2025-10-06,6.557373140679033,-1.8108610460963415,5.163040731827559,3.113465320640912,0
ABAT,2025-10-07,2.3890742296231506,-2.399112197733479,5.2386749081495365,1.2750497595663541,0
ABAT,2025-10-08,0.7194227451900854,-0.714284023460055,1.5749123869041985,5.357144651364345,0
ABAT,2025-10-09,3.728811619645452,-0.9235923494659845,4.375001788139349,1.7810476548883225,0
ABAT,2025-10-10,2.5846823966221804,-0.5746187909464401,0.143681448664164,5.946794075966049,0
ABAT,2025-10-13,16.691286489917758,1.3473079936255086,2.4137935948381446,15.822783411934008,0
ABAT,2025-10-14,9.180325367411625,2.4636023214546636,15.640715047352781,15.615618264496,0
ABAT,2025-10-20,24.020615803826725,0.41408026107377066,4.877745083457712,16.03990282510366,0
ABAT,2025-10-24,3.0411489960972466,-0.7985843310385377,0.24232417361771727,4.34027363166781,0
ABAT,2025-10-29,0.9708700828181818,-0.2904155268889007,2.211324223932227,0.7750036964051139,0
ABAT,2025-10-30,0.5667610809784415,-0.3745290498974633,5.5072697726163,-3.2258061013621955,1
ABAT,2025-11-05,0.508907065743401,-0.7575767135853514,3.186273341085398,0.7594924545349351,0
ABAT,2025-11-10,4.875844434475528,1.2571428571428507,8.799167498791935,-7.877742480834138,1
ABAT,2025-11-12,2.311296713674988,-0.45129048368223856,3.1226312775502802,4.108955952948056,0
ABAT,2025-11-19,3.5230334212140355,-1.9920346033053755,0.7462679485599458,5.235603933307446,0
ABAT,2025-11-20,3.2338332180953255,-0.9852202793913548,4.041565593340657,-14.457833291069097,1
ABAT,2025-11-24,2.077153033248038,3.3958730552403474e-06,1.1267595039523421,2.3255796932800483,0
ABAT,2025-11-25,0.8522713726217092,3.0746717223972726,1.4404407828798549,0.2816914878320237,0
ABAT,2025-11-26,1.6853900437944376,0.14064509560920319,2.1212955472663864,-1.1049692492712406,1
ABAT,2025-11-28,3.351956639209937,-0.13947107653468876,3.40313817524028,0.5405392448252752,0
ABAT,2025-12-02,1.4705896377563503,-1.1627923417181383,0.5698000279445594,8.695650671590574,0
ABNB,2025-09-29,0.5092981657677321,0.0720000153068103,0.7217297098975063,-1.1340801176619149,1
ABNB,2025-10-06,0.5245656593951703,-0.0915057693290261,0.36418038949017084,-0.3147546975627377,1
ABNB,2025-10-13,0.6091916931291795,0.17799342014857014,1.1490414482072184,-0.0841002935241174,1
ABNB,2025-10-15,1.3630095544033276,-0.9351092488678294,0.34557899391757696,-0.2448540404032939,1
ABNB,2025-10-17,0.8068499683865104,-0.05730783872653273,0.1873419696984919,2.3117844246160137,0
ABNB,2025-10-22,1.9676327137900118,-2.5589531869574884,0.5141283611971479,-0.7936540916218305,1
ABNB,2025-11-10,0.7685335438445127,0.8668823611859798,0.883333931692851,-1.4351340055509274,1
ABNB,2025-11-21,0.5648181539764265,-0.5793764393094849,0.0,1.9613103922326451,0
ABNB,2025-12-12,0.7442779206288189,-0.700165966345904,0.37065307145873555,0.6737765972721428,0
ACHR,2025-09-23,1.3608885070272705,-0.5730605556920941,2.2312304362557196,2.9411809283631083,0
ACHR,2025-09-24,1.05263081409579,-0.5493451660032884,2.380863204598429,-3.273808791704093,1
ACHR,2025-09-29,0.9134910620392712,-1.16834797980581,2.1522302563376545,3.3013806745777883,0
ACHR,2025-10-02,2.156055536603044,-1.1167550985750632,1.7955778448306023,2.914574837125365,0
ACHR,2025-10-03,1.220700889825819,-0.24354936664971555,0.7170150202501425,11.046794540915986,0
ACHR,2025-10-06,5.125980725193108,-0.13014853819306657,4.809217953340807,12.97520304986613,0
ACHR,2025-10-13,1.4237827192399213,0.5897229580101251,2.569475901653483,5.6845612125445655,0
ACHR,2025-10-15,3.543910480610943,-3.6019320244469224,2.214577377651423,-4.16666367460801,1
ACHR,2025-10-16,3.4161466989457914,-2.090457913746222,0.06134261558165017,-10.735733690593674,1
ACHR,2025-10-20,5.044246774859126,1.183760910385892,4.146341773552629,1.263690951028619,0
ACHR,2025-10-23,1.7511517221477209,0.17079764116717117,2.775294031537635,-1.175724296209519,1
ACHR,2025-10-24,3.389486287796665,-0.22679852460004626,2.3266022827041315,-0.39893381237996617,1
ACHR,2025-10-27,3.070760335612419,-0.8384812387093176,2.9711349305960795,-2.0716746570519637,1
ACHR,2025-10-31,1.0018228833141183,-0.09098972999474614,1.7101703303875258,0.8115405425950991,0
ACHR,2025-11-05,3.0366508124386375,-1.2399294845716609,3.3143117024495217,-2.642277932480634,1
ACHR,2025-11-10,3.292686183278162,2.010354171904112,4.410077124526825,-0.47461943047742383,1
ACHR,2025-11-18,2.1505363525882792,1.2244911093224184,3.855878393508392,0.2631591528736825,0
ACHR,2025-11-20,3.058510638297878,1.0073851794403137,0.6997494178309794,-11.499354838709683,1
ACHR,2025-11-26,0.9549808372091619,-1.1463245082982516,0.6679979960123698,1.081079778399605,0
ACHR,2025-11-28,1.0695179515981361,-1.2541229261674713,2.003895152698866,3.5714293553445415,0
ACHR,2025-12-02,0.6702443549843964,-1.2574431568122741,0.3947345834029302,1.9973337755876164,0
ACHR,2025-12-08,0.590748192044303,-0.759376366332449,3.1891966206885822,-0.924851122061274,1
ADBE,2025-09-29,0.8618512027410614,-0.4857329813551294,0.6868694615756523,-0.6083720886270539,1
ADBE,2025-10-16,0.8701692615057632,0.018096993181311277,0.1492537313432836,-1.3808139800605561,1
ADBE,2025-10-24,0.978089457265901,0.2295000716809432,0.7674108308669917,-1.0330034274929254,1
ADBE,2025-10-27,0.5827072222973646,-0.14969292790335567,0.9303610969054665,0.6243358770371082,0
ADBE,2025-10-28,0.5044748424617422,0.3618384334350304,1.8853074974483877,0.44353915127520394,0
ADBE,2025-12-04,0.5036630036629967,0.5769092032377922,0.6422170655313748,-0.07593014426727411,1
AFRM,2025-09-24,1.6531891682991753,-2.01595862815768,0.7780305328393702,-2.7424001927273496,1
AFRM,2025-09-29,1.41627813316906,-0.5430026032424545,3.434412202720791,-0.7118649603395456,1
AFRM,2025-10-01,3.9917898360796835,0.9950240237358915,2.721087636902715,-1.9700725973674609,1
AFRM,2025-10-02,1.5938266011692532,-0.6003962195661455,2.573054740214006,2.3155758596417346,0
AFRM,2025-10-06,2.4184948234619226,4.893251680393952e-06,3.0232589682251363,-0.9915218666007601,1
AFRM,2025-10-08,1.0697993746942196,0.33379588734721605,0.46239881167444796,-2.8527187116043544,1
AFRM,2025-10-09,0.9566879576582362,0.4002146734143858,0.0322975386850989,1.9478765170801247,0
AFRM,2025-10-13,1.4904591312878621,-0.15299238323285325,2.4586870043105185,0.4391976214216234,0
AFRM,2025-10-15,1.5496476299476285,-1.73830898852897,1.1178074112857717,-1.080355190800795,1
AFRM,2025-10-20,1.2656329044793924,0.11786835152588866,1.1841150827786553,5.071940946421931,0
AFRM,2025-10-23,1.337050329011799,0.2093488777762464,1.057591084309542,4.24683586180226,0
AFRM,2025-10-24,2.9136421339403507,-0.47237775724630554,0.8325711364864196,-3.1898509306571574,1
AFRM,2025-10-27,1.7599596743137664,-0.24420468632467507,2.3741888230846775,-0.5851775252923316,1
AFRM,2025-10-28,0.9156331273759364,-0.052291626208129244,1.3079524935604023,-1.6072605331873755,1
AFRM,2025-10-31,2.7598355842630586,-0.8370328224450625,1.2974222764496761,2.6857142857142793,0
AFRM,2025-11-07,6.8470176709603665,-2.2980807975974638,4.109225269316615,5.696318308232333,0
AFRM,2025-11-10,2.568198466588992,2.3580793752922267,0.6373373997422396,0.39582937174921956,0
AFRM,2025-11-11,1.0612420613387474,0.22392233292259123,2.0314254724107577,-2.454564981884801,1
AFRM,2025-11-12,1.1465174597813972,-0.7147624486366492,0.29262384693344773,4.124946803905261,0
AFRM,2025-11-20,3.1251595290219965,0.29031696569164556,0.7798375584499225,-7.612714574601774,1
AFRM,2025-11-21,1.032000732421875,-2.0836625300042098,1.017690276024538,2.7001338663015133,0
AFRM,2025-11-26,1.4150206317526026,0.7347493399256639,0.1434269268760293,-0.9057777236374664,1
AFRM,2025-11-28,0.667290567933508,-1.2042210189426323,0.9844463891012942,,0
AFRM,2025-12-02,0.8415554265815414,-1.090700777622309,1.0541323583010636,-3.7410071942445966,1
AMC,2025-10-02,1.0135138357007838,-0.8375174530792631,0.6644511956770989,4.685618395197376,0
AMC,2025-10-06,0.9836040559362251,-0.3267955217821925,3.3653812530713236,-4.870127513690485,1
AMC,2025-10-15,0.7042216583037091,-0.8726006790061299,0.348435710946861,-0.7027935605973737,1
AMC,2025-10-20,0.7282862201445881,-0.7230205610297961,0.9856613733435202,1.0291449493247835e-06,0
AMC,2025-10-24,0.91407643375711,-0.9057967590449446,2.1582723521500116,-2.173912705455693,1
AMC,2025-11-24,0.9228544169763833,1.1356344011599306,1.7699102384854115,-0.8963976735931584,1
AMC,2025-11-28,1.7467215592163603,0.21881461625826992,0.8492552803833259,4.291848908513576,0
AMC,2025-12-12,1.1600959052066053,-2.045456668562103,0.9499983354048376,-2.522938764814625,1
AMD,2025-09-24,1.0351502963140156,0.8187647885383115,0.5966084639233626,-1.4663509495153106,1
AMD,2025-09-29,0.5400317804405417,0.08484083975457435,0.03493728615114381,0.7526071982105337,0
AMD,2025-10-02,2.8859090194096977,0.7871140826748313,0.5382971870771501,0.7234745192798375,0
AMD,2025-10-06,37.639121403769835,-0.21240367877757407,5.158032022933362,-9.773774570681395,1
AMD,2025-10-07,5.215478013474847,-0.7268077838478181,0.5390556001290968,-1.6476639529672776,1
AMD,2025-10-08,0.7761094828650728,0.11845088804042436,1.7130453788912432,10.589341805550072,0
AMD,2025-10-13,2.4192255099960196,-0.9835092192031061,7.8456893714646645,-1.753391717980406,1
AMD,2025-10-14,1.3893674023315605,0.3084152202355225,2.797025734605019,-0.29640809249544975,1
AMD,2025-10-15,1.8157704950382256,-1.8451178451178514,0.5297999771488686,7.250347848432607,0
AMD,2025-10-20,1.5635749318755319,-0.5170695847354415,0.3528642243784179,1.767889323055487,0
AMD,2025-10-24,3.394222340547337,0.7403611266363291,0.10019587075307738,3.9730476332639477,0
AMD,2025-10-27,2.031143684118884,0.5622983582090194,2.8269218285258324,0.8055335765441566,0
AMD,2025-10-29,2.2802951766961823,-0.7054066914246896,2.250031863941866,-0.017034119758657075,1
AMD,2025-10-31,1.4291295324718964,-1.0446941688934441,0.9166505666699533,-1.14299986247355,1
AMD,2025-11-03,1.1562154029390412,-0.6046511627906985,1.061757589681131,0.07517249922737834,0
AMD,2025-11-10,3.6319301848049323,1.337378089272196,0.4249399429296901,0.6563467492260077,0
AMD,2025-11-12,6.376447386796793,-0.5812492235494275,0.6456153945346792,2.447509488853811,0
AMD,2025-11-20,0.7962659756486024,3.327306731109213,2.8644679958667427,-11.515646260288158,1
AMD,2025-11-21,1.4476569497472398,-1.8733906007080838,11.788204612236202,-2.4565444553340163,1
AMD,2025-11-24,1.6985781355470724,-0.6632193381379302,0.29782203345842706,3.8086484834976653,0
AMD,2025-11-26,2.312557885338057,0.6420711261784511,0.9271897209017739,1.8320277018004865,0
AMD,2025-11-28,1.1191608749817465,-0.5899587714289867,0.4800384618214251,0.6030618552986293,0
AMD,2025-12-02,0.9396600601757357,0.07285696358721755,0.12960117057010126,-2.995377905850951,1
AMD,2025-12-03,0.5992649058363234,-0.36556059463847773,1.9842019787944345,0.3834243888836388,0
AMD,2025-12-05,0.5440035585595645,0.6805580706711079,0.17342666265980605,0.3706889870627185,0
AMD,2025-12-08,0.5092452314789598,-0.041271924975404245,0.31767587594425795,0.8102054747626424,0
AMZN,2025-09-24,1.5238321935497618,0.2929454744639413,1.0498692520014818,-1.6421349753847478,1
AMZN,2025-10-03,0.601090828600937,0.08336547917520114,0.3164283051317778,-1.6000504824654067,1
AMZN,2025-10-13,0.5356963832281313,-0.5739443154720967,4.222936370767179,1.0105204789143098,0
AMZN,2025-10-21,0.8729181716263948,0.07163957719133415,1.0176843950659056,1.623131906557421,0
AMZN,2025-10-27,1.5880111601857392,-0.0361529132941274,0.8989896365300691,-0.39945461935211557,1
AMZN,2025-10-28,0.5817546146774435,0.07254966540232392,0.780912365508572,0.37682883826874336,0
AMZN,2025-10-29,1.1314811726525613,-0.5534916764067486,1.290600116436298,-0.7303416432323449,1
AMZN,2025-10-31,1.213590998479854,10.16043080376965,2.562030613445872,-2.256193851756896,1
AMZN,2025-11-03,4.532722450838637,-0.9216877260373837,0.0,-0.6258799066924242,1
AMZN,2025-11-10,1.4483269906211116,0.5566724117762865,0.24186284841100034,-0.010067076976171584,1
AMZN,2025-11-19,0.5008537464520518,-0.6847934632982381,5.136348366949646,-0.5162359966928266,1
AMZN,2025-11-20,2.048701316222673,-0.04041773462315122,7.256349005921756,-4.534647978042497,1
AMZN,2025-11-24,0.8426974587960714,0.26346897972183536,0.08414712595454037,1.6847866556276216,0
AMZN,2025-11-28,0.9534828158069159,-0.11332846788441381,0.7733964979263874,0.7910258573303115,0
AMZN,2025-12-05,0.5148363363056333,0.21424217207330953,0.22090116412791924,-0.36895775015061366,1
ANET,2025-09-24,1.1748200529938813,-0.731533963017612,3.531239371598903,-1.410003303188409,1
ANET,2025-09-26,0.7199750719213077,0.16803855445577717,0.7894732948989359,-1.1034744800479335,1
ANET,2025-09-29,1.69824432908443,0.35917634136614673,0.044193791643700936,-1.0695543669123886,1
ANET,2025-10-03,1.22360879533844,-0.3488773747841074,2.298385196175983,-0.4862643199419376,1
ANET,2025-10-06,4.335861048531049,-0.41806843040178227,0.4829176248942436,-1.266692629421402,1
ANET,2025-10-07,0.5346721883722814,-0.6077899088839721,0.9357858812609585,-3.448960576086233,1
ANET,2025-10-08,1.8583560418226102,0.2380162533018807,0.03988138634677169,6.331504938871543,0
ANET,2025-10-10,0.6231513881485227,0.29038338946813474,0.38199098954289595,-3.6031531267106636,1
ANET,2025-10-13,4.3218653516132015,-0.6959612880235744,2.027228590462915,-8.279419607886322,1
ANET,2025-10-15,1.2036022839245495,-1.036356496883443,1.3611157735188804,2.1079631602710736,0
ANET,2025-10-16,1.0601157040621982,-0.38212513289024885,0.9937740963981238,0.7660497931480916,0
ANET,2025-10-20,2.253666630497689,-0.4452521696852901,0.4166715888566945,0.10593067144407983,0
ANET,2025-10-24,1.4663524482848973,-0.35549571235024474,1.4121448650908546,-0.709677419354835,1
ANET,2025-10-27,2.2807041339242167,-0.5171279664018584,1.5443053426621836,-0.38117251010127595,1
ANET,2025-10-31,1.672555123637104,-0.7912144986759946,0.7877455156404429,-2.1416577170032194,1
ANET,2025-11-03,1.8142603400152335,-0.7929477312033211,1.952487343753191,-1.6823052959501508,1
ANET,2025-11-05,5.21386295644935,-11.776185626299842,7.176816164573843,-1.542018782631612,1
ANET,2025-11-10,2.11659858893427,-0.3035669820857749,1.9636506279791153,-0.36363636363636365,1
ANET,2025-11-12,0.5930222619650768,-1.2628465394869426,2.089986814988896,-0.5932223463732563,1
ANET,2025-11-17,0.8601659435183037,-1.0395480225988665,0.958957956798041,-3.954716981132072,1
ANET,2025-11-20,4.027095089726024,-0.45308164218535185,3.9105903902896566,-7.708445174145089,1
ANET,2025-11-24,0.5453630806860131,1.0768291947405981,3.6230738049460296,2.730605104043405,0
ANET,2025-11-26,1.9473756190987581,0.29678498154246336,1.8643401389898258,-0.058833869400919135,1
ANET,2025-11-28,2.0408163265306074,-0.5697376531595044,2.28262862229821,1.0000000000000087,0
ANET,2025-12-02,1.3361533030509454,-0.1565856866520274,0.2807734562800481,-1.9499036608863207,1
ANET,2025-12-08,0.8865352885442561,0.4373984425856947,2.4953227898615635,-0.47791239339988373,1
ANET,2025-12-10,0.5910370369648537,0.38526831977662856,0.26515613902698865,1.0148774645330643,0
ANET,2025-12-11,2.37951259955951,-0.35003290784769236,2.611829337201063,-0.8411412894301827,1
APP,2025-09-26,1.9940277398628372,0.07663462246105149,1.634872106289882,2.8084663872717095,0
APP,2025-09-29,2.2414274258336437,0.8022154058990263,0.2761779969810828,3.8365143163139708,0
APP,2025-10-02,0.8635017882726047,-0.04698463232139723,1.6783216783216783,-4.180571725783453,1
APP,2025-10-03,1.836884643644379,-0.6786870390961719,1.1762572363983812,-1.477633477633479,1
APP,2025-10-13,3.2655424731088485,-0.5028230237342025,2.36828736584596,0.2735768903993226,0
APP,2025-10-15,2.2677974377648304,-0.806991911815485,1.5828384088010203,0.08286570869788827,0
APP,2025-10-16,1.4787702123921564,0.17914564364689167,1.6260162601626018,-1.1634923690865644,1
APP,2025-10-22,3.1242031674977335,-0.6878929759122602,1.4404959139558502,-0.6841349326341275,1
APP,2025-10-24,2.7368278523433065,0.2791996483655709,1.2932208301575203,1.4827018121911038,0
APP,2025-10-27,2.9626623376623376,-1.058485772532073,0.9826042391433224,1.395348837209306,0
APP,2025-11-03,1.739844809519828,-0.17031324565217804,0.9221812929071307,-2.355337930402155,1
APP,2025-11-05,0.7985614263331682,-2.098585009655843,3.196214494177257,1.7463186369991088,0
APP,2025-11-06,4.674800686227665,-0.04836521190779668,4.734320775493856,-4.244109011851296,1
APP,2025-11-10,2.326668523553274,-0.060300907795703476,0.18305981655820713,2.0583359606426606,0
APP,2025-11-12,1.0321559171193873,-1.0265483441237757,9.836946508628639,-2.847176079734217,1
APP,2025-11-19,0.7566377510646203,0.0894360072130965,0.2925578531525418,1.842605556526896e-06,0
APP,2025-11-20,4.507633140778598,-0.2587656807740587,0.16468494862049549,-5.999495304013219,1
APP,2025-11-24,1.1480139917090657,-0.9375685924376252,1.587944074258842,6.249581462957827,0
APP,2025-11-26,1.938740498310811,-0.21933241655865376,0.6797834885324385,3.4360841874328245,0
APP,2025-11-28,0.7843434769896965,-0.16037373749363767,1.436354998877584,1.9006633531057666,0
APP,2025-12-02,1.6440792697138833,0.29762298692477596,0.3198568787325104,3.045603190972229,0
APP,2025-12-04,1.895218795176047,0.5479353709784782,0.8779582187268862,1.5821602127276388,0
APP,2025-12-05,0.5359921793879284,-0.48608614811418716,0.48270179515321926,0.6538694190648674,0
APP,2025-12-08,0.7132121282192018,0.5900757055616099,0.5476636468550442,-1.020986547085203,1
BB,2025-09-23,0.6787287164058098,0.7912762931596422,0.4753403558830265,-4.044939707421289,1
BB,2025-09-29,1.214574898785417,-1.1583088649956853e-06,1.6699388125556363,-0.9839999999999982,1
BB,2025-10-02,1.3513497504208205,-0.4054304708620088,1.7418017152880036,-2.484470509348971,1
BB,2025-10-07,1.0271129553557716,-0.39203852765189035,1.3429732362100872,-3.1250038494664816,1
BB,2025-10-13,1.3392848627907792,-0.5549414829264687,3.9194947582180166,0.22026515927306098,0
BB,2025-10-15,1.342286572893733,-1.3245078814441884,0.7692378633420394,-0.22075517318294152,1
BB,2025-10-16,1.1061984880835705,0.5561760862605242,0.11110375844432714,-1.9102881484059007,1
BB,2025-10-20,0.890873269673706,-0.44346403252388256,0.8832620703345317,0.882997535078325,0
BB,2025-10-27,1.0460235084948626,-0.20876747249823727,2.4271234995278976,-0.6211164426486356,1
BB,2025-10-28,0.6249984105428097,-0.31152766442786295,0.9443263417666649,0.2070409203292931,0
BB,2025-11-10,1.0964941560176469,0.773478539114284,2.00845182068001,0.4338365706369042,0
BB,2025-11-20,2.1327000658659068,-0.4998578325495725,0.6896490489400458,-3.9443142699883076,1
BB,2025-11-24,0.9592335287043819,-1.8295909829181567e-06,0.0,-1.4251790404586613,1
BB,2025-12-02,1.5151510334978209,-0.6747119455246249,0.10864822441156533,0.9950253548077603,0
BB,2025-12-08,0.5786988470289376,-0.11560253145967087,0.11285864102696304,1.4959772830157652,0
BBBY,2025-09-22,2.9411784741057114,1.2765998546762565,6.874995965224049,-4.285716148576609,1
BBBY,2025-09-29,0.5319128645227272,1.2931063629501667,0.24617991827699864,-2.3280403566721786,1
BBBY,2025-10-06,0.7487492236043803,-0.2489642345228391,4.556358270317339,2.83503520289956e-06,0
BBBY,2025-10-13,2.511410299501465,-1.072835089185518,1.3455332416251002,-0.3340706432692971,1
BBBY,2025-10-15,0.9966764735225102,-1.3653712355775707,0.8384835763954469,-9.210525176531712,1
BBBY,2025-10-16,1.207730850735732,-0.956933731610263,7.502741568190382,-5.131266212036391,1
BBBY,2025-10-20,1.651842439644217,0.06357570282707285,1.049378477496861,6.624999999999992,0
BBBY,2025-10-24,1.6646871668830339,-0.2372515356079108,0.34404456108726744,0.23391589261962392,0
BBBY,2025-10-27,5.017502917152855,-1.0963642501010598,7.052632382041529,2.5555555555555602,0
BBBY,2025-10-31,1.5872993166484581,-2.388636388543058,3.9390096216068495,0.3906272439053779,0
BBBY,2025-11-10,2.2889856275741263,3.2744183640230567e-06,5.131578445434566,-0.2797216097995585,1
BBBY,2025-11-12,0.700280913451811,0.9900965578360587,4.521278878475752,-5.980529260060819,1
BBBY,2025-11-20,2.4475547817203593,-1.464252038797218,1.3333320617675781,-5.290104546951415,1
BBBY,2025-11-21,1.0810834867460266,-1.3333333333333366,1.1304357777471128,-0.8912679558722565,1
BBBY,2025-11-24,1.6187067512128066,-0.979515108817393,3.352406635870423,-0.3539839828291383,1
BBBY,2025-11-25,1.9538147623119746,0.6255623077896596,3.9867074782666108,-1.2369298597434188,1
BBBY,2025-12-03,0.6677831353647645,-0.49833855517548165,2.373156258790666,9.286895036599818,0
BBBY,2025-12-08,2.5316458714159182,0.23790915257375678,1.4459679660187508,-8.148148418508494,1
BBBY,2025-12-11,1.0920439793055565,-1.8376754357236287,3.36322641871614,-1.3888891791447078,1
BE,2025-09-29,3.580059187539955,0.04263699458243676,0.21721918837166815,0.9463671694330249,0
BE,2025-10-03,0.9761624114332145,-1.58623402179986,3.364851473342989,1.506296008675689,0
BE,2025-10-06,2.978956659766926,0.9615357056336699,0.3249798932897512,-5.290889317985942,1
BE,2025-10-07,0.8629520052852212,-0.9169174963638461,0.9189095115385882,-3.1183178812975116,1
BE,2025-10-08,2.428540002183249,0.4317861454686642,0.1622788506668281,-0.646626790711476,1
BE,2025-10-13,22.206846378150036,-0.959232268758204,10.630934117204053,3.792812734459567,0
BE,2025-10-15,5.35449337978002,-0.32370374452618444,1.2048187654038744,-3.5013638308718376,1
BE,2025-10-16,2.4532530806366886,-1.5374108735608911,3.3702475125672384,-3.298729371124301,1
BE,2025-10-20,4.161434430177971,-0.5352350421838825,0.8089543007976019,-5.8636123862898994,1
BE,2025-10-24,3.7689672050905476,-0.31082550782156004,1.1839888201935522,3.962264150943399,0
BE,2025-10-27,2.2323082233297384,-0.6759774392711843,4.679468058145004,-3.6037666697456983,1
BE,2025-10-29,12.935630231249732,3.57233686637366,6.968254497117286,3.395202509380377,0
BE,2025-10-31,3.038015418072108,-0.9016059623921829,0.8962236162574317,-0.13668648953541393,1
BE,2025-11-03,0.7680056820477125,0.0380292739841537,2.3690413722565875,7.908236786645589,0
BE,2025-11-05,3.5189529029509767,-1.5157235036152519,2.0668390447443183,5.35673781810613,0
BE,2025-11-10,4.581953017092542,2.7708409142104626,0.3623723153037892,-1.3488773714427906,1
BE,2025-11-12,2.2194308978830053,-1.4682046274183684,3.2229103937609644,-2.6085594855139855,1
BE,2025-11-20,3.6663597379661774,-0.8902632764839078,3.5523442976856536,-17.329795524803526,1
BE,2025-11-21,0.5561461423170121,-2.0429512944872847,5.758514246827437,-4.2891903712525785,1
BE,2025-11-26,6.514834436260227,-0.9066701245298437,2.070353344382001,1.4224908681817001,0
BE,2025-11-28,2.882585441661706,-0.3438918260978415,0.5124806884802517,5.748563557763961,0
BE,2025-12-02,2.2021110001492556,-2.3276367137375757,0.3035186321710646,3.227076574230693,0
BIRD,2025-09-26,1.0416696468989093,,0.0,-1.3745733557004327,1
BIRD,2025-09-29,0.5226477513329871,-1.0344860131334066,2.542372881355938,0.5199310081915965,0
BIRD,2025-10-07,1.42404821854603,-0.2839984414391169,2.61538578913762,-4.368172450505643,1
BIRD,2025-10-13,2.881358841718247,0.8547024988468346,9.751822478579776,1.9769328656506304,0
BIRD,2025-10-15,0.9230760427621695,,1.3037647880850731,-3.6585357450148117,1
BIRD,2025-10-17,1.7571866702728793,0.6430902115370797,2.351096879725918,8.320253123433162,0
BIRD,2025-10-20,1.4492753623188355,2.9850775586335407,5.332744106366024,1.4285714285714235,0
BIRD,2025-10-24,1.1347533963250802,,0.5610092736466084,-4.908837430900408,1
BIRD,2025-10-30,0.671140939597313,-0.8002541743172803,0.0,11.866666666666674,0
BIRD,2025-10-31,8.104883132589013,-0.2378103183707319,1.2074643249176666,-0.7717717439854377,1
BIRD,2025-11-05,0.6142454592543024,-1.153608508049132,1.7093943445829258,1.2210064070848003,0
BIRD,2025-11-11,1.5025028999341314,,0.0,-2.1381566667325425,1
BIRD,2025-11-17,2.7722783608011716,-3.6259499888798694,12.160500333790095,-5.780347859593791,1
BIRD,2025-11-19,1.0504189659567487,,0.15495907176624352,-8.835757751255766,1
BIRD,2025-11-20,3.3067322647286166,-1.8883950952367434,1.3384025778056627,-3.311262756314436,1
BIRD,2025-11-21,2.511410299501465,,0.0,0.2227222581649606,0
BIRD,2025-11-24,1.5555593702528212,-1.0989052448102827,0.4476317219888576,5.908092301897381,0
BIRD,2025-12-03,1.5936235982583424,,0.0,-2.156860915480608,1
BIRD,2025-12-05,0.9940342685100285,-1.7578103041159383,0.0,-1.57480167140813,1
BIRD,2025-12-08,2.6000022888183594,0.4016060411629196,1.2645049860284938,-4.093569390959058,1
BIRD,2025-12-11,0.8474624763100889,-2.121393488205793,0.0,-3.571433208140214,1
BROS,2025-09-23,1.9699948833278766,-0.2703668772061485,1.6140318753426535,-1.8964874223166128,1
BROS,2025-09-29,1.242934692152922,0.3401395262336161,1.6447413231254129,-2.2135386136285593,1
BROS,2025-10-02,0.6397100615200679,0.09567873496573231,0.4658289588281065,0.6152695419994043,0
BROS,2025-10-08,0.5081022337380647,0.037805900898316966,0.8338551285715657,0.12534169512017512,0
BROS,2025-10-13,2.5719534598897695,0.3071249937417605,0.7916535012784952,4.059701492537312,0
BROS,2025-10-15,1.3416497885775371,-0.33898018699344484,0.46015091399665947,3.300389514512029,0
BROS,2025-10-21,1.1565809148062114,-0.986607360981461,0.3361689536634507,1.1257722833013721,0
BROS,2025-10-24,1.7675910498405771,0.052529135576651495,0.05159517318462728,-1.9776465962208323,1
BROS,2025-10-27,2.421054505465323,0.12295748190581819,0.32478397728031516,2.5522420428637838,0
BROS,2025-10-31,0.5405391658748592,-0.9635990483678284,2.3233353830357943,-0.4659484598843232,1
BROS,2025-11-03,0.8282319049333828,-0.5906549815529664,0.424957275390625,-2.696428571428568,1
BROS,2025-11-06,0.5446434020996094,-0.05354056746465533,2.9503105590062124,-5.479087627128912,1
BROS,2025-11-10,2.074767495984229,-0.05604106105169061,0.4433410227095919,3.790513397753121,0
BROS,2025-11-12,1.7496905525206194,0.14303539136010618,0.38931905712834425,1.684503058886439,0
BROS,2025-11-20,2.5487853444842714,0.09966480542077628,1.5094325227557488,-1.160194174757275,1
BROS,2025-11-21,1.3702636886618345,-0.6101730970552318,0.249044188151682,6.279072910251858,0
BROS,2025-11-28,0.8922430285870723,-0.41011697861637764,0.0,-0.20408033778496018,1
BROS,2025-12-03,1.7984390906006147,-0.20318552404451296,0.6834857256761527,2.3721666666666628,0
BROS,2025-12-04,0.6784073024208941,0.5785169591309521,0.39455476443976156,-1.5362227526581502,1
BROS,2025-12-09,1.0502731176118907,-0.4456636131434069,0.25593385858050843,0.3578145820494969,0
BROS,2025-12-10,0.7640042005451532,0.43481889376056576,0.1225640626333531,2.8306681871465478,0
BROS,2025-12-12,0.5235579625474264,0.3283024245996091,0.8073631479672586,-0.7812492724042223,1
BYND,2025-10-01,3.1746056975511068,0.3610848779361296,0.5742116959681737,17.948715064495882,0
BYND,2025-10-02,1.7391267030135524,-2.127655602623789,3.2179073195409114,-0.0299108630335071,1
BYND,2025-10-07,1.7021321235819027,-0.6342498721461435,6.458338101704912,-8.786614882286562,1
BYND,2025-10-08,0.9174333799869568,-0.6833682778585528,3.1929802476313993,-5.454547503762947,1
BYND,2025-10-10,2.0304563686932418,-1.7456415183635818,3.365385073881886,4.7446482567901343e-07,0
BYND,2025-10-17,13.01563832018419,0.16981672807820497,6.09794778799431,12.516662195656217,0
BYND,2025-10-20,51.533106489016234,5.008556605221999,24.798386712228098,39.794721146982134,0
BYND,2025-10-21,61.527161931301386,1.7864789410210067,3.5999965667724605,62.3419953633262,0
BYND,2025-10-22,64.39561509967805,5.48804302613598,39.09604670637744,-43.71451708886929,1
BYND,2025-10-24,13.917527739534668,-1.1884527686307478,10.441174226648666,-36.04826656390574,1
BYND,2025-10-28,5.483518851982365,-2.741408783328813,1.375637441722268,2.614853410082305,0
BYND,2025-10-29,3.0456838268919055,4.876492408753073,7.441860021546826,-7.8817721007272645,1
BYND,2025-11-05,1.4889995383636923,-5.2701722687226695,4.6099270489198885,-8.781022215303635,1
BYND,2025-11-06,2.424579610288107,-1.9843118926461865,0.7835875501023732,-6.226560404000297,1
BYND,2025-11-17,3.514730749824271,-5.243476296372554,11.201615487375566,-6.9148953484071045,1
BYND,2025-11-20,3.061223516658863,-2.0000000000000018,1.3235288507798155,-12.891088286400674,1
BYND,2025-11-24,0.6857122693743024,1.3552616925523056,5.405406107644458,-1.2145269660957856,1
BYND,2025-11-26,1.398601954355664,-1.6506173801927166,1.8498038255907927,18.39080394881455,0
BYND,2025-12-02,4.0811744330757005,5.121570593171415,18.750002980232246,-7.519711997188881,1
BYND,2025-12-04,2.0325199375307674,-0.4048594532145064,2.23881267550565,-0.3984059960658085,1
BZFD,2025-09-29,0.5813964577608346,-1.1153287833134427,0.0,-1.1025136494566923e-06,1
BZFD,2025-10-03,1.7647070043227278,,2.5568162853067578,1.1560682489023788,0
BZFD,2025-10-07,0.5780352333377562,-0.2881852601665436,2.2471904754638685,-4.597701672314497,1
BZFD,2025-10-08,1.2048161173441372,-0.8600078955509081,2.3255844448888006,2.3809555774373976,0
BZFD,2025-10-10,0.6024070532925206,2.0107591364726485e-06,2.5988370873207254,-4.191614304401281,1
BZFD,2025-10-13,3.1249985098838753,-1.4901160916291904e-06,1.1976062180753198,0.6060620597790476,0
BZFD,2025-10-15,0.5847969947502648,-0.29154713010418404,0.0,-1.7441876808845027,1
BZFD,2025-10-16,0.5917187978530103,-0.5882380825424763,1.1764764455773846,-2.941179193014846,1
BZFD,2025-10-23,1.2269924023400123,-0.30580981605022867,1.1976062180753198,1.2121226745969942,0
BZFD,2025-10-24,2.3952118650881875,1.2121226745969942,2.3391859748531147,1.754383694958074,0
BZFD,2025-10-27,0.5747126436781614,0.8695638232360527,0.5681818181818187,-0.571428571428572,1
BZFD,2025-11-06,1.2269924023400123,,1.7485005148485167,-1.2121197846747924,1
BZFD,2025-11-10,1.408454733835145,-1.2608982385297585,3.6697291452950367,-2.777781641041633,1
BZFD,2025-11-17,1.98019518710599,1.5075372019842663,7.964605145749784,-7.757278991179212,1
BZFD,2025-11-24,2.7482692969588713,0.2314788815712989,3.333330242722041,-0.7642180286698463,1
BZFD,2025-11-25,1.9252521130398734,,2.1739156349845596,-1.0333307116119204,1
BZFD,2025-11-28,2.186335283068608,-0.5354582627437406,11.733713871674523,,0
BZFD,2025-12-02,2.040816326530614,0.1532949825011467,1.9999980926513672,-6.469999999999998,1
BZFD,2025-12-04,0.865386999570403,1.4634169942208533,0.09523573375883979,-1.8112511293062767,1
BZFD,2025-12-12,9.243693471956659,2.763385823853548,8.2142880984715,-15.769225478877487,1
CCJ,2025-09-24,1.1057345995126489,0.1268607042887572,0.3365818822032747,-5.263156577289126,1
CCJ,2025-09-29,1.904209529128037,0.22245208961969382,2.979685006238531,-3.175516737743451,1
CCJ,2025-10-02,0.9461088808710704,-0.39365599886273517,0.3177926624009946,-0.10677531682261679,1
CCJ,2025-10-06,2.7477069744474556,-0.03567000554742171,0.5905956509999843,-1.0187511940250127,1
CCJ,2025-10-07,0.7836235894097222,-0.47724786943549763,1.8644085038179732,0.324941205761334,0
CCJ,2025-10-08,0.8328492411166103,-0.06935861143082432,0.12444915840156114,-1.3077873039940484,1
CCJ,2025-10-09,1.3018732138543592,0.1396767928943187,1.6467232989449787,-0.05737409638950396,1
CCJ,2025-10-13,3.9260969976905384,-0.7904695936423236,0.04313232310626437,2.7777777777777777,0
CCJ,2025-10-15,2.6628168110362473,-1.0486655764955721,2.86191658775152,-2.884895833333327,1
CCJ,2025-10-16,1.0935262601830875,-0.9555904383980003,2.6145855585734052,-3.3103448275862117,1
CCJ,2025-10-20,1.2241615958874037,-0.35673362535739894,2.3781482765985533,-2.099260118478878,1
CCJ,2025-10-23,1.3024241597525121,-0.7824522656317369,2.030578891069915,1.7928771438886877,0
CCJ,2025-10-24,0.8111239860950206,0.1624841364209324,0.5701876594751372,1.6666666666666698,0
CCJ,2025-10-28,16.058645554487267,-0.13258847010123037,1.8004071767561862,6.750921419588014,0
CCJ,2025-10-31,1.4066997327302633,-0.19101905833011132,1.1717862755638115,-2.802681123422392,1
CCJ,2025-11-10,4.279984682814524,1.1037151324994343,1.3304465013489535,-2.0781358147997784,1
CCJ,2025-11-12,0.5512308466243829,0.5160539306903289,1.0870850371086849,-0.773942587062683,1
CCJ,2025-11-19,1.2627744416622753,-0.6689751410790836,2.1162787149118825,2.4228065625843183,0
CCJ,2025-11-20,1.5190202362683414,0.23244895669981097,0.515233316729147,-6.2564281677061935,1
CCJ,2025-11-25,0.7919366450683905,0.8348438734209201,0.5832381432948018,3.9880952380952315,0
CCJ,2025-11-26,1.6714339537421359,-0.2626191210847151,1.1397491482570397,0.1576426587714791,0
CCJ,2025-12-02,0.6512035577757256,-0.30183743319337075,0.05235678460483263,-0.0908041719712366,1
CCJ,2025-12-05,0.9671591029864985,-0.10086272873198021,2.2862555483945797,-3.694736842105269,1
CEG,2025-09-24,0.9026893832151414,-0.35223666551916283,0.9977968060154526,-0.16453401990095118,1
CEG,2025-09-26,0.7323878346162294,-0.5303768358499119,0.7987998985313438,0.7726937119325169,0
CEG,2025-09-29,0.9629934815647102,0.22389295985892868,5.737880618466422,-0.05681333535537075,1
CEG,2025-10-03,0.6717646115639133,1.1007966108545044,0.22038231211260328,0.091747034766891,0
CEG,2025-10-06,2.2222222222222223,-0.6375748872952839,2.2827509475744154,-1.217391304347831,1
CEG,2025-10-08,2.9735307009698806,0.2547235829251294,0.15614943351259655,0.5938023524045926,0
CEG,2025-10-09,0.8166536809299192,-0.41338071337274285,0.5316085972183092,2.459754599465027,0
CEG,2025-10-13,1.9968286829145607,-1.069872082211103,0.8806494724788304,2.999053491570295,0
CEG,2025-10-15,1.9034310769883003,-0.7629485630449923,0.22518245934263692,1.7570360323051566,0
CEG,2025-10-16,0.7154341720239228,-0.11868374860270473,1.762138292627427,-2.5956141070064103,1
CEG,2025-10-20,2.4424327144647475,-0.44689052172652616,0.43161887596063364,-6.425216518800983,1
CEG,2025-10-22,0.8946737645976697,0.6663556242410049,1.747715637375172,-3.328729281767959,1
CEG,2025-10-23,1.1573081868838437,-0.4140518160957385,0.6037357759937828,3.1412429378531086,0
CEG,2025-10-24,3.0976097381083605,0.14536977630570772,0.8194954813076416,3.735092207790315,0
CEG,2025-10-28,1.3767106384019936,0.9184973027543869,1.298001638968984,-2.3894494999445492,1
CEG,2025-10-31,1.443212717004806,-1.1973161337846339,2.8326519255168536,-2.7912371134020577,1
CEG,2025-11-03,0.9001252595397922,-0.8621401240082849,0.25523719987320026,-0.7974990926480586,1
CEG,2025-11-10,2.5051911416975923,0.8674861045771353,0.13338052361476677,-1.7993755257085748,1
CEG,2025-11-12,0.9971509971509971,-0.9006472287240724,3.1202965044388917,-0.13540197461213488,1
CEG,2025-11-18,0.524080599981931,-1.1374763198650903,0.5712114834954357,1.6779026217228532,0
CEG,2025-11-19,1.4513021648694127,-0.39039353774054947,0.4686095497824929,3.8355983843212518,0
CEG,2025-11-20,3.0127559583752883,-0.7110344639941444,0.25431315270373356,-6.8567549219280375,1
CEG,2025-11-25,0.6837589448673433,-0.9397981256058535,1.3396402306390913,-0.5107509699089171,1
CEG,2025-11-26,1.0793710514761223,0.2837974555512779,0.632061363891193,1.0411056020306624,0
CEG,2025-11-28,0.8103817984349398,-0.1445970280981425,0.5588126849698214,1.3812154696132597,0
CEG,2025-12-02,1.2003858380622445,-0.06401658318813072,0.27726193285646894,0.08531887410155159,0
CEG,2025-12-08,0.818468858995472,-0.2826727492080748,2.114364450013135,-1.4044944916684317,1
CELH,2025-09-24,0.6077233774244672,-0.5071200613268236,2.27050004653358,1.0911931186785677,0
CELH,2025-09-29,2.0867834636493945,0.6662987763032677,0.9428901233892326,2.566408707718699,0
CELH,2025-09-30,2.739242004448113,0.4940918300719639,1.426133198953758,-1.7432889263266569,1
CELH,2025-10-03,0.5602708696711877,0.01698184828529471,0.4767478307657829,-0.8948160498606587,1
CELH,2025-10-06,0.9710399621186866,-0.5842970270879969,0.7404921874178283,-0.26995184161959,1
CELH,2025-10-08,1.7030736505853992,1.2269567455572854,0.3453817712255271,1.3365564352224457,0
CELH,2025-10-10,0.5136215269333657,1.2050080842618758,1.9564209639962096,-6.023539363209028,1
CELH,2025-10-20,0.986740672217084,0.2008290380421879,2.8358231729535914,-1.6946564885496174,1
CELH,2025-10-21,1.0250086220807764,0.37412076136003825,3.4126333403369182,-2.5365149490384638,1
CELH,2025-10-24,2.4051632392396796,-0.3218045389679096,0.9206885454422957,-0.1418641687534534,1
CELH,2025-10-27,0.970797399507323,0.23734056210408783,2.16092036320613,-2.6498868889931697,1
CELH,2025-10-31,0.582071415659946,-1.776343277637873e-06,0.42742118227154285,-1.1574066592832575,1
CELH,2025-11-07,1.1663360629409238,3.285416629677254,3.98286905227433,-9.362854937470805,1
CELH,2025-11-10,6.962181464415583,-0.9780491098614708,1.5657787960567038,0.3603569113119052,0
CELH,2025-11-12,1.1891150240109836,-0.7714991994069675,1.6852710689285337,1.4915254237288058,0
CELH,2025-11-13,1.2914755699550218,-0.9920648242867786,0.43810406872282415,-2.3961346191437114,1
CELH,2025-11-20,2.038837173610051,0.58593974827096,0.6574284533780671,-5.756424507197208,1
CELH,2025-11-26,1.097259140965941,-0.5949433606347985,0.6670072550746763,0.5920056217382439,0
CELH,2025-11-28,0.5885249086897272,-0.6698338890064774,3.5682083353871574,0.3169174568151968,0
CELH,2025-12-02,0.6569721395563323,-0.768337036268939,1.543244298221159,-4.31235771579849,1
CIFR,2025-09-22,1.38615146279939,-2.690608320766959,4.349498146767798,12.560000000000002,0
CIFR,2025-09-23,1.9189776303332646,1.005022912829379,3.694102142047204,-0.976291151312338,1
CIFR,2025-09-24,4.288732501822463,0.6549646042818761,0.7807409658592658,-3.0994666404608573,1
CIFR,2025-09-29,2.3727331416580175,0.5195109487976435,5.6956863092929915,6.110410812199379,0
CIFR,2025-09-30,0.9531377136375918,3.281381734092902,3.53846183189979,-1.2588515945456977,1
CIFR,2025-10-01,2.7091660822530135,1.537219648870384,3.2670177116849692,-2.3273881717013256,1
CIFR,2025-10-02,3.9316921218981156,-1.0609066988030555,0.7034451404944799,5.082154833124488,0
CIFR,2025-10-03,5.236365578391335,-0.6502901126851637,1.055407975082679,1.727710631359412,0
CIFR,2025-10-06,5.57065191476241,-0.8520553217806793,0.18987052048309389,-1.351994609837658,1
CIFR,2025-10-08,1.6977500302231916,-1.5199490971047576,2.2626406461478092,11.609964937664103,0
CIFR,2025-10-09,1.8980204552496542,0.9725426900206955,5.212767580722244,-0.027804337958620307,1
CIFR,2025-10-10,4.4493920280617765,0.2229624568095611,0.5478118066210644,-8.839193961403506,1
CIFR,2025-10-13,4.497659986264232,-0.11668255752981516,3.2194297452438874,13.751261566699851,0
CIFR,2025-10-15,2.3311143143760056,-1.4995321007487659,5.607685433422695,-1.9060912343985956,1
CIFR,2025-10-20,7.519944949788194,-0.9520802987651362,3.9643252687482566,-0.5499999999999972,1
CIFR,2025-10-23,0.6875038146972656,-0.8102510401871462,2.5934884286473157,7.324639012677765,0
CIFR,2025-10-24,5.610180618171411,-0.4250224525771741,1.506815816371437,13.08871709288317,0
CIFR,2025-10-27,1.153514575727345,0.024216721363387508,5.667579337342139,-1.4276038578695598,1
CIFR,2025-10-31,3.4594296792988857,-0.10325678041730321,1.5880897086548087,-5.795876318165575,1
CIFR,2025-11-03,21.63889334092091,-2.4613349211629116,6.360251135407127,-0.10244347650614992,1
CIFR,2025-11-05,2.0089302744184288,0.8327699578726169,2.203391734569489,7.8336962304030395,0
CIFR,2025-11-10,5.744680998634325,-0.0917890016592906,2.0909049294211646,-10.010060487757233,1
CIFR,2025-11-12,0.536766195578793,1.9983609227954482,2.1897335603576114,-7.100905364344339,1
CIFR,2025-11-19,2.13645551222756,-2.091765865099742,1.3925737031891117,-1.3495256338909916,1
CIFR,2025-11-20,14.911075492890202,-0.6118289457075407,2.0317638621610756,-12.865472233430417,1
CIFR,2025-11-24,4.866949450068118,0.568339205100121,0.8306655842513694,12.186975439336576,0
CIFR,2025-11-26,4.3868678516032285,0.1718010356728646,5.4025391400870575,3.877185136506614,0
CIFR,2025-11-28,2.7309040690926913,-1.626773453216121,1.0426965781368973,4.501282850544837,0
CIFR,2025-12-02,1.2742142672446353,-0.708503174393724,3.313554712855846,-9.966284628047347,1
CIFR,2025-12-08,2.7921363017921497,-0.4119468382062562,1.2930400090565846,-1.9612634669324842,1
CLOV,2025-09-26,1.9354866396996253,-0.9584700748893269,0.3176140268694734,1.2658200342673942,0
CLOV,2025-10-02,1.5094361215267575,-0.6038792627794662,9.330984236488876,-4.83271577900211,1
CLOV,2025-10-06,0.7721967218465382,-0.38461173074472427,0.57034616925724,4.019317199110118e-06,0
CLOV,2025-10-07,1.5325707037330178,-1.3232507061967425,0.0,1.8867887861579824,0
CLOV,2025-10-13,1.167311464302277,-1.5325630920899624,7.162388637517195,1.1538498641472505,0
CLOV,2025-10-15,1.8181800842285156,-1.0791356726084065,1.2411317081316087,1.7029898733830595e-06,0
CLOV,2025-10-20,1.1070114220200444,0.18484570924108545,0.19927854123322092,6.569342694772096,0
CLOV,2025-10-21,0.6849334664540773,2.6362028342898682,0.3350080674939459,8.503399248770641,0
CLOV,2025-10-22,0.6269604434787683,-2.2970934914066734,3.9634117266026885,-4.049845377011812,1
CLOV,2025-10-24,4.999996721744532,-1.4901160916291904e-06,1.558076356017888,13.988098796972457,0
CLOV,2025-10-27,0.7571793100541298,0.13071770598570434,6.28078653307383,-1.010623682372827,1
CLOV,2025-10-31,1.4409216405335297,0.14430262495078236,6.866907491422822,0.2840914524906897,0
CLOV,2025-11-06,1.1898672868851565,-0.6767686335557059,4.329999287923178,-12.562810997478676,1
CLOV,2025-11-20,2.931034976038447,0.6507563040508022,1.2371122465843958,-9.547739126944709,1
CLOV,2025-11-24,1.7543830369648266,0.66224699342606,0.6329057894472109,3.448278838757609,0
CLOV,2025-11-28,1.2271225750409331,-1.0102222461019974,1.2145725821676603,,0
CLOV,2025-12-08,1.1627866316211288,-0.1934250705294691,2.3607162173003706,-1.9157048699417443,1
CLOV,2025-12-11,0.7518822089173687,0.3773548782148999,0.5555576748318208,2.611937742505272,0
CRWD,2025-09-29,0.8751583218030665,-0.06113951858005563,1.452485554245103,0.41733204149240893,0
CRWD,2025-10-03,0.5835707203868932,0.2632966212358766,1.3926201835543839,-2.1466862228922476,1
CRWD,2025-10-06,1.4086810737870799,-0.630821157622578,0.0,-0.010080645161292614,1
CRWD,2025-10-08,1.4196690190252148,-0.09482695328579448,0.4712378161737118,3.7633367243133278,0
CRWD,2025-10-13,1.3982276432046434,-0.5619335347432065,1.200990582456683,1.2896804230505166,0
CRWD,2025-10-15,0.8513157626115215,-1.1323455776284002,1.4546363584456905,-1.0080971659919065,1
CRWD,2025-10-24,1.2226246043071898,0.4494759150250931,0.3814326314286656,-0.22907970737421732,1
CRWD,2025-10-27,1.0455426500237193,-0.43641676319141076,2.421081714816998,-0.5276914450606724,1
CRWD,2025-10-28,1.3422687480826323,0.10110683716272868,0.45870077124930536,1.8032455590303476,0
CRWD,2025-10-31,0.830942697053797,0.24224532574489405,1.2791731568009208,0.10693513839838714,0
CRWD,2025-11-03,1.10935226707674,0.002767054604366598,0.6601581602755144,0.6914815275974215,0
CRWD,2025-11-10,1.4857368144162275,0.4110889402948981,0.18520554357694055,1.7688278168428355,0
CRWD,2025-11-12,1.0332876815556302,0.14378830465482964,0.7448571234774857,-3.0440057226963964,1
CRWD,2025-11-20,2.305082090602723,-0.12278274326707456,0.13527811615970492,-6.060952182311277,1
CRWD,2025-11-24,1.7504449972649363,-0.38354058296071836,0.1877751558021103,1.7383965541650546,0
CRWD,2025-11-28,0.8384167000014913,0.14976166502548538,0.3544702638834209,0.7049016633345913,0
CRWD,2025-12-02,1.5611052704659523,0.29842928249721523,0.7750314174182855,1.5937499999999938,0
CRWD,2025-12-05,0.5885591379087729,-0.43464479494550734,0.5426013157717997,-0.8834840390244718,1
CVNA,2025-09-29,1.0046305071894661,0.4105718706060713,0.44638298791471176,5.270777479892768,0
CVNA,2025-10-01,2.937124197916112,-0.10856451823397807,0.7020198937618372,1.4884612089933862,0
CVNA,2025-10-02,1.4970819588936761,0.43578717289597363,1.55112249892846,-1.3225000000000051,1
CVNA,2025-10-06,1.097378424939738,-0.11173984141186694,1.4542271895615748,-2.624090426456538,1
CVNA,2025-10-07,0.6101220201104173,-0.9248057648733564,1.602136181575434,-0.41548747245063417,1
CVNA,2025-10-13,1.0697260564477304,-0.5455056840141019,3.047239276724805,1.4272041086367906,0
CVNA,2025-10-15,1.5784438487431627,-0.6804866164016227,0.3915534220950704,1.149786532417237,0
CVNA,2025-10-17,0.6643265353485598,0.13362381989832375,0.2973491868377941,-3.801152737752161,1
CVNA,2025-10-21,2.432590060763889,-1.0408995513947175,1.8269510472074468,2.9302041581977685,0
CVNA,2025-10-24,1.3382317038143383,0.8169149795255457,0.5257132393973215,2.2319002987897334,0
CVNA,2025-10-27,1.1526197459030039,-1.0714616433577497,1.00555419921875,-0.32275830265730554,1
CVNA,2025-10-28,4.054621369271793,0.0056303654753349685,1.2868801390307276,-1.6058146364473118,1
CVNA,2025-10-31,0.9099832338123978,0.029467383782946586,2.5230817204415366,-0.5611777559839036,1
CVNA,2025-11-10,1.1414821063449836,0.9095435684647333,0.39308176100628933,4.956745257422713,0
CVNA,2025-11-12,0.9544787077826739,-0.43404538693339667,0.07022945817986694,-0.5484848484848491,1
CVNA,2025-11-19,1.428031019481739,-0.5907180775700386,1.6056991095024489,2.3527583527583507,0
CVNA,2025-11-20,1.9692070556848222,0.05772646503473342,0.556036036197771,-6.9400375765949835,1
CVNA,2025-11-21,1.9328027343749998,0.43871316037473057,0.17220822821254847,-2.7186564678265865,1
CVNA,2025-11-24,3.467471279204855,-0.8415761682633617,0.13069686193958968,3.200873294346987,0
CVNA,2025-11-26,1.2424315151099967,1.4517153548408106,0.507012231326952,1.2751428227300408,0
CVNA,2025-11-28,0.8607444698363788,0.25413691405809147,0.7699783599644209,3.402566804192992,0
CVNA,2025-12-02,1.0366129873912446,-0.9737464278046519,0.9648662553336913,0.7991576295113656,0
CVNA,2025-12-04,0.7620446087242692,-1.2105111509416095,0.6390946849545739,0.19849246231156292,0
CVNA,2025-12-08,8.717950244781896,-0.30301805618631994,3.319808877638048,2.8508959324619205,0
DDOG,2025-09-24,0.7585106093533377,0.029176824720426917,0.19090975510027358,-1.1436800335063855,1
DDOG,2025-09-29,0.783780586833524,-0.021571604744073006,1.2828438968981688,3.638695922258556,0
DDOG,2025-10-01,1.2289282980929561,0.8212931617962067,0.16957200869553338,6.847038863285274,0
DDOG,2025-10-06,0.8496908248923524,-0.5502447543291086,0.0,2.8149692198205316,0
DDOG,2025-10-08,1.7602934850919312,0.23352123075949166,1.1231630660455951,4.37547333152125,0
DDOG,2025-10-13,2.387551202782453,-0.15095970184221139,1.9512176513671875,1.027503373682323,0
DDOG,2025-10-15,0.6961710591745429,-0.6177445346239172,2.027602868577454,-1.2283950617284007,1
DDOG,2025-10-17,0.7775040871846568,-3.824733329261345,0.13836616304159244,0.3742593150497073,0
DDOG,2025-10-20,1.4914593422413622,-0.371482294275843,0.45462718303913446,0.7379994512146467,0
DDOG,2025-10-22,0.832001953125,-0.4967195983954319,1.2856269048844242,-2.1199638127969807,1
DDOG,2025-10-24,1.5367660585710798,0.3102530377265224,0.697304738546031,-1.7270482735897947,1
DDOG,2025-10-27,1.265416340667341,-0.34392365182359663,2.7775712231595606,-0.5238226344133676,1
DDOG,2025-10-28,0.8691825232610442,0.031727278960131514,1.1437040244628547,-1.4780837863831113,1
DDOG,2025-10-31,1.2253521433778503,0.7219798274742043,0.6733536645722662,1.1871632999265855,0
DDOG,2025-11-06,14.863559484099117,0.03211499854713197,3.0754625707192202,6.662943829060612,0
DDOG,2025-11-10,0.6588579795021915,0.6420354173815173,0.5592226038600315,3.8909090909090955,0
DDOG,2025-11-12,0.7575757575757576,0.27601132606993706,0.9226963109803615,-4.581453634085206,1
DDOG,2025-11-28,0.6771630348101705,0.37762012251015287,0.6952230120800322,,0
DDOG,2025-12-02,2.3939155641426497,-0.1486037341505541,2.334492129318277,-3.142004518746004,1
DDOG,2025-12-08,0.9411575945229449,0.5311728214636561,0.22426704303060654,0.9454596281322405,0
DNA,2025-09-23,1.7456340076322918,-0.8244032440021762,1.6207427607556397,0.8986946972122918,0
DNA,2025-09-24,0.5668022371979407,-2.9850711382631556,3.926100521660293,-7.165862083951908,1
DNA,2025-09-29,1.9999960194463313,1.5901087458339933,7.013394872065691,13.55499164376385,0
DNA,2025-10-02,2.0449915952884026,0.1365213787748411,0.8869905509397371,1.8784216964279565,0
DNA,2025-10-03,6.221154813650417,-3.5039563080199585,1.8292659666480002,-0.37037506243034,1
DNA,2025-10-07,0.6016055530405242,0.13387162100701303,4.190846829933938,-1.5282404506310676,1
DNA,2025-10-08,2.631579204770394,-0.770006135826077,1.4070223149769687,5.325443522824007,0
DNA,2025-10-10,0.8530176217787521,1.1280710591797023,7.48181776566939,-11.1906304382937,1
DNA,2025-10-13,2.4908408140524814,0.5524876006530395,5.2703617208221,-5.932807610416604,1
DNA,2025-10-15,1.4904200903822813,-1.975786862608463,2.7118618205442266,10.280418109488075,0
DNA,2025-10-16,3.0431005510428006,1.742580645161286,1.6887862662210582,-1.7446153846153851,1
DNA,2025-10-20,4.150944835734817,-1.486987450567585,0.2141360297192838,-1.0144941217381824,1
DNA,2025-10-23,1.1737113081047097,1.0276710307508283,1.0769257178673377,2.1655041625338387,0
DNA,2025-10-24,3.6336077243247535,0.4562766784052077,3.774927144716263,-0.8765491896380371,1
DNA,2025-10-27,1.1790681078579797,-0.5131989850500347,7.440887207116144,-2.4763259546398264,1
DNA,2025-10-31,0.9991683134131405,-1.0708429954390977,3.7250979141571965,7.0898588412644905,0
DNA,2025-11-05,0.7765341257617031,-1.4455801494316811,6.323815636689275,-0.7705505378788337,1
DNA,2025-11-10,4.357543604333982,0.22396074065782864,6.307222399318692,-6.102785259911989,1
DNA,2025-11-20,3.5398177039608174,-1.3100478955091859,3.4342249558329985,-4.517699625644964,1
DNA,2025-11-21,1.0230191223456695,-0.6353225703449902,3.2846738532221886,3.417720270546535,0
DNA,2025-11-24,1.1015939887617625,-1.2688776238145922,4.186049173044601,4.23728524721292,0
DNA,2025-11-26,0.688868631040999,0.2301544370824686,3.7285827025688287,3.876847485627459,0
DNA,2025-12-05,7.491852535616422,-0.10846276289784075,12.804542888294568,-6.565652965416685,1
DNA,2025-12-08,3.5675667427681588,0.43431011604072944,4.779128324832478,-1.8789136235861341,1
DOCN,2025-09-29,0.9401718096176064,0.48668678310612645,2.8559170584755518,-0.056450197582591954,1
DOCN,2025-10-02,2.6205781245916318,1.7588652482269433,0.2051660453839766,5.188803464959553,0
DOCN,2025-10-06,1.4182540162668151,-0.5058609327584543,1.0389650022828734,1.2928719113283234,0
DOCN,2025-10-07,1.588955457150298,-1.6145577918319127,1.7374992370605469,-0.5128205128205201,1
DOCN,2025-10-09,2.748417199036022,-0.9164667171896729,0.18783060948219282,2.880655609866369,0
DOCN,2025-10-13,1.5066387600396114,0.26405317805118994,4.57135845484854,4.438577526040226,0
DOCN,2025-10-15,4.644270282489046,-1.3043993602581068,3.8045948949353448,3.706325229052935,0
DOCN,2025-10-20,2.0043508294296073,-0.8618636672692758,1.1918701114819448,-2.698867502763259,1
DOCN,2025-10-27,1.3941698352344667,-0.3032592765976492,1.1212419911286307,0.9500000000000064,0
DOCN,2025-10-29,0.6795872136924318,-1.0830347457036416,3.789734782100012,-0.9999999999999963,1
DOCN,2025-10-31,1.6684045881126188,0.7088470630887215,1.1601547876192035,4.256410256410248,0
DOCN,2025-11-03,0.8116125884574529,0.3096124968896598,1.9685061215159636,1.0734284057478982,0
DOCN,2025-11-05,16.74394563324116,-1.0198908930476407,7.435898087982433,1.0812010337055322,0
DOCN,2025-11-06,4.835192154287063,-1.0583137043948971,1.5385823133908174,-1.9677282578943416,1
DOCN,2025-11-10,1.656234762784669,1.1477434748938058,1.8918399530137735,2.6624242404030807,0
DOCN,2025-11-12,1.2600021362304688,0.16026008411285514,0.4617827091827974,-4.463758681487557,1
DOCN,2025-11-19,0.6589394161793884,0.022727272727268207,1.379306271291024,-0.4740389180071634,1
DOCN,2025-11-20,2.4722166141432926,-1.8258736366024673,1.4130467953889267,-4.426738140031981,1
DOCN,2025-11-24,1.2097698073222742,-3.1346518381724972e-06,0.49416164182267797,1.8267926130461065,0
DOCN,2025-12-02,2.0960090986264355,1.001592742471199,0.2546666693652358,-1.5011020938477915,1
DOCN,2025-12-08,1.8958330154418945,0.020834176252361728,1.892799377441406,1.3085261798906977,0
DUOL,2025-09-24,0.854757114722454,-0.03337987365763658,1.3354892465640942,-1.3441030230446815,1
DUOL,2025-09-30,0.7360582173585003,-0.381774485607675,2.3971674819696798,-2.82609053805843,1
DUOL,2025-10-03,0.8146925856130192,0.9400676025121877,0.078125,1.4102400187544573,0
DUOL,2025-10-06,0.8218765258789062,-0.5346267605921048,2.0080839397324866,-0.7190914817904749,1
DUOL,2025-10-08,0.5469126152659874,-3.433442005625633e-06,0.34461388221153844,8.774434479123393,0
DUOL,2025-10-10,0.9668175826777935,-0.5954988078072684,1.5607071965733221,-4.670292741056585,1
DUOL,2025-10-13,1.7285483475918544,-0.5606976087489048,2.6207557091346088,-0.1999041842708581,1
DUOL,2025-10-20,1.0724631557272757,-0.7641347369963765,3.8734895637236444,-4.273346257453392,1
DUOL,2025-10-24,1.45158717498804,-1.0371400393033046,0.8879025736585064,-1.8867924528301887,1
DUOL,2025-10-27,1.685900565905449,-1.4124565372582627,2.1782168749551927,-2.209547232506116,1
DUOL,2025-10-31,1.611366211011817,-0.9273216188995499,2.8363591974431817,1.3424228801335771,0
DUOL,2025-11-03,2.8709738627362507,0.5251360121804474,2.624207830812931,-4.816638585438311,1
DUOL,2025-11-10,0.8880615234375,0.8226321150820072,3.0582539086202973,-5.180365151465215,1
DUOL,2025-11-18,1.0777067205003834,-0.6992753124956963,0.005542035620989745,-1.526373173301577,1
DUOL,2025-11-24,1.2848709341358946,0.31934290547798844,1.8960017161327165,-3.228571428571432,1
DUOL,2025-11-25,1.0687946041389906,-0.8663594305398222,0.9826571955157154,2.6875416215645607,0
DUOL,2025-11-26,1.4053230129375693,-0.49818806198434396,0.19991063894509242,5.722944799961581,0
DUOL,2025-11-28,1.8362253301748293,0.3082241146395663,1.6866456788591766,0.052113508087783214,0
DUOL,2025-12-03,0.5208366795590018,-1.4054054054054024,1.5799737295814003,1.085352511720599,0
DUOL,2025-12-04,0.6582483859899356,0.8049599612397232,0.7063925109226482,0.9755587828171091,0
EOSE,2025-09-22,5.00510452473128,-0.7099356908176239,10.37073536252967,-0.7782075393894011,1
EOSE,2025-09-23,0.9803940268123921,-1.7341051296376961,3.2919783246562315,-0.9737882415292196,1
EOSE,2025-09-24,0.9833641257572604,1.4390819535802002,2.6353316202915344,3.296114592022301,0
EOSE,2025-09-29,3.0938710148626716,0.29732256648593025,1.8112469901347659,6.200460735557133,0
EOSE,2025-10-02,4.64458742896651,1.428854117971184,0.6546392450529517,-4.592820742648394,1
EOSE,2025-10-03,0.8899697979677117,-1.159537090075439,1.7200965545408236,1.0424998411180124,0
EOSE,2025-10-06,14.603171272883342,-0.8264456854512637,0.5405400180747055,-3.6703573115286208,1
EOSE,2025-10-07,2.0848296855868913,0.5421030838180815,4.4806538029584635,-2.746477566926947,1
EOSE,2025-10-09,1.3474769463844194,-0.4017445641317695,3.485734793617258,-1.9275640709620223,1
EOSE,2025-10-13,10.24890676902159,-0.5805495973978723,2.6461557241586537,14.207398920443293,0
EOSE,2025-10-15,7.978726109714362,-3.452209025388896,1.9239156142524976,-0.6568169390093266,1
EOSE,2025-10-20,7.35207961050807,0.36315366240119673,5.760594764293595,-6.969562604991602,1
EOSE,2025-10-21,12.90643257895446,2.663669880945662,10.594589645798141,-3.030263932669406,1
EOSE,2025-10-23,0.628470638103187,-1.0802511602620797,4.450756130796489,-3.652515340380457,1
EOSE,2025-10-24,2.9371563854113263,0.23964709935426093,0.19367161662021018,6.3762463479398805,0
EOSE,2025-10-27,1.1296926135680314,-1.378647630493226,4.747779008542756,-4.5805569829819826,1
EOSE,2025-10-31,2.4441346109912363,0.28011392000555846,5.419355823147681,9.338786070764318,0
EOSE,2025-11-05,1.6231448026130806,-0.45661860375779223,3.017830292710879,5.625002798107015,0
EOSE,2025-11-06,3.8790282099596474,0.03288442169704037,6.7941454603418245,-2.9670897789594166,1
EOSE,2025-11-12,2.99513715904681,-0.3497395086070353,5.618321185673938,-9.461220666365621,1
EOSE,2025-11-20,4.300235751273585,-0.6601941747572883,1.8292623274210311,-4.045728233992498,1
EOSE,2025-11-21,1.4038697705235668,-4.332586767433975,1.4393922054406314,-4.776575994620635,1
EOSE,2025-11-24,2.4676372318206146,0.2433096227053954,0.34322839359807306,4.145282587668945,0
EOSE,2025-11-26,1.6436148986951917,0.5047283135978495,0.6270173137239946,6.296296296296294,0
EOSE,2025-11-28,0.69686278233545,0.8078703624612317,1.100342216360615,4.498271275533803,0
EOSE,2025-12-08,0.9592270468645497,-2.2541672544698326,2.1526418786692765,2.1643965032132044,0
FI,2025-09-23,0.6846149151141827,-0.007687491160852243,0.2127603919310367,-0.8174798644953362,1
FI,2025-09-24,0.5315009296225115,0.6590670475704553,0.007649801420017711,-0.17622750480147292,1
FI,2025-10-20,0.5261002182715478,0.47491477699860996,1.2441445598888914,0.5805863759565207,0
FI,2025-10-21,0.7073193061642531,-1.0538151269581357,0.20826511450281632,1.7760532854098665,0
FI,2025-10-24,1.089059017903966,-0.24143097623768947,0.22144570204706707,-0.23940432881539953,1
FI,2025-10-27,1.0799140951536337,-0.3904382470119481,1.9313486832861742,0.1424496587361507,0
FI,2025-10-31,0.6902889855015183,0.5242891810006508,0.47251546850707526,0.4570393253216132,0
FUBO,2025-09-24,2.707327870163995,0.7900065501509796,1.53158931690623,-8.975876050780238,1
FUBO,2025-10-02,0.7672648905488194,0.12804170670582998,4.4310341914886235,0.2538056506170669,0
FUBO,2025-10-03,0.7594941537591431,-0.3783080578566395,1.5955357042790705,-0.5025130396391861,1
FUBO,2025-10-06,0.5050509867042011,-0.6597594677529356,2.918521268868148,-1.0050256000450493,1
FUBO,2025-10-08,0.7751962627243291,-0.22687211265984705,2.625000476837158,-0.5128229455991199,1
FUBO,2025-10-13,1.0869572991910144,-1.8140543689552564e-06,3.58701309600434,2.6881712532440427,0
FUBO,2025-10-15,2.088775086963144,-3.0404280078609727,1.7422985605521146,-1.02302007551466,1
FUBO,2025-10-20,1.3754191375887963,-0.41473293345799367,2.5132290269962643,-1.3486499200170083,1
FUBO,2025-10-23,0.5747126436781614,0.14388764042168545,3.7500023841857932,2.571428571428567,0
FUBO,2025-10-24,1.392760582288996,0.27933174600721733,1.2577081339945932,-0.5494534155982177,1
FUBO,2025-10-27,1.3812175771808068,3.161351427989254e-06,2.4285717473197166,-2.4523181041682567,1
FUBO,2025-10-29,17.808224403694886,0.8287324693184233,11.740041128994276,-14.18605031807255,1
FUBO,2025-11-03,3.4210543883474296,1.3333333333333286,5.012225172047507,-11.704836105429537,1
FUBO,2025-11-05,1.0989029328901656,-0.41039593726909995,1.701567684792719,9.239128453125375,0
FUBO,2025-11-06,0.9950234522273992,-1.349688634097274,3.643206485266827,-6.650244989774426,1
FUBO,2025-11-10,2.34375173846881,0.39215561122325937,1.335836950698896,-0.7404597013458507,1
FUBO,2025-11-11,1.0023342618487772,-1.243039166860469,2.0050278860120914,-2.030458275599532,1
FUBO,2025-11-12,0.7772047902635992,0.6518894812086341,0.8860781115993293,0.5115654128321762,0
FUBO,2025-11-20,2.9325510399782018,-1.3024580231476457,2.6610670971269323,-8.262108012854492,1
FUBO,2025-11-21,0.9316770186335344,-1.396373301178164,2.43160978276679,-2.1569230769230785,1
FUBO,2025-12-04,0.6993047007314018,-0.694448390492534,1.5847786900081478,0.6944404432068724,0
GLD,2025-09-22,1.1061946902654867,-0.020646864277738666,0.2995865150526757,0.6156090444930747,0
GLD,2025-09-23,0.9772113281703042,0.07835504947294937,0.13040776032709295,-0.4715018621392143,1
GLD,2025-09-29,1.4242492561400755,-0.11519078473721446,0.189789342185212,0.18760949402968502,0
GLD,2025-10-02,0.7310380041682998,-0.007028004769756143,0.12825771752143875,-0.9657817426758123,1
GLD,2025-10-03,0.6538881390043655,-0.02395417199535456,0.013982599431818182,0.16801212226037304,0
GLD,2025-10-06,1.2411952538603788,0.008386468279524035,0.5419535682814649,0.6461222427183901,0
GLD,2025-10-07,0.5508904267403978,-0.07950013381086396,0.2835763191821888,-0.043108365264370174,1
GLD,2025-10-08,1.4467023055778223,0.016378130355360315,1.8365612254138206,0.16144386206629258,0
GLD,2025-10-13,1.9634394041976981,0.14374017616137832,0.10613788219075847,0.35601593625497696,0
GLD,2025-10-15,1.2381607711710791,-0.1858504861624115,0.7637409502827075,0.41717600465723154,0
GLD,2025-10-16,0.9315151717201718,0.023225652376721594,0.10990228134984026,1.4930349468600934,0
GLD,2025-10-20,2.340614946706982,0.10568057225629672,0.5270564356262857,1.0642817116748158,0
GLD,2025-10-23,1.0757793998617244,-0.08998220278740386,0.19657694084334676,-0.741884212885114,1
GLD,2025-10-29,1.5103649310680758,0.06594936535832056,1.2208828804802543,-1.8990921175154236,1
GLD,2025-10-30,0.6783763996058323,-0.3024251376303059,1.0569089150364162,1.4270464034537749,0
GLD,2025-11-05,1.2432289355393265,-0.07729412597263553,0.07906431473050532,0.019104007682767626,0
GLD,2025-11-07,0.5190696211906429,-0.07370739548284963,0.5200607978074169,0.10599487851442313,0
GLD,2025-11-10,2.063365100801256,0.1468205885239959,0.7421201299251665,0.6304384780127829,0
GLD,2025-11-18,0.8475531307752667,0.3298085010807546,0.1332232030195091,-0.10458038045201788,1
GLD,2025-11-19,0.890661760625034,-0.04537662054122105,0.1665056972330469,-0.8139749708597646,1
GLD,2025-11-28,0.7780707536104765,-0.046973401331406824,0.0802125799194226,1.0042978660387647,0
GLD,2025-12-05,0.5478023558624031,0.023260276818590428,0.2256078998422729,-0.7324206293560456,1
GLD,2025-12-12,1.5713264744508262,0.11719428289093335,0.24524646717030096,-0.9870858321843988,1
GLW,2025-09-29,0.6931336179948481,0.21470029574261149,0.41037822919815337,0.42552999703130934,0
GLW,2025-10-02,1.024717361974454,-0.18050358228081467,0.6830179159583903,-1.133774483481809,1
GLW,2025-10-06,0.6582104001335091,0.14982015348950783,0.16472454779072065,1.4623699687585816,0
GLW,2025-10-13,2.566884321946925,-0.39610799215502496,0.9961569682848708,0.4582298047839557,0
GLW,2025-10-15,1.7137425346811848,-0.8670163882257932,0.3240726554999059,0.6507116631335925,0
GLW,2025-10-20,0.8758472682371865,-0.1359297350872028,0.7204247717798655,0.058660848406900924,0
GLW,2025-10-24,1.3513513513513473,-0.3714062772842009,0.3793124494881465,0.6896551724137866,0
GLW,2025-10-27,1.175795951390382,0.3378955315194293,1.5055592854817708,0.9477634803262232,0
GLW,2025-10-29,0.9826571955157154,-0.5575680944397734,0.8070091916076664,3.5489428506370686,0
GLW,2025-10-31,1.074435090828532,-0.3212939552983219,0.5100587209625332,-2.3780821917808237,1
GLW,2025-11-03,0.6511042457446977,-0.29660441779894486,1.8953645131562071,-2.2194998670855015,1
GLW,2025-11-05,0.5761327637005839,-0.23460410557185085,0.27406305299021894,1.765254931390299,0
GLW,2025-11-10,2.7846009993226803,0.5529411764705868,0.8194010804801931,1.0130922496726944,0
GLW,2025-11-12,1.1031519684736715,0.25082763404827974,0.26785476323289126,-0.13498484119145096,1
GLW,2025-11-20,3.133798506549152,-0.5054544059019881,4.588716197062484,-7.382789317507417,1
GLW,2025-11-21,0.6792228099368818,-0.044837558844017036,0.2722862885232555,1.1456243245615931,0
GLW,2025-11-24,0.74251579632245,0.3156178745321367,0.6868303714437648,3.189377702573519,0
GLW,2025-11-26,0.8077188023894254,-0.024106569132038708,0.47630170153050305,-0.02392100684648034,1
GLW,2025-12-02,1.1070958400317834,0.01203955054792493,0.047497966249804506,-0.3689557908260097,1
GLW,2025-12-08,1.2956504976776675,0.4961473766695471,0.6963831141372935,1.250286408589864,0
GME,2025-09-23,0.5794418192355432,-0.7236952942392336,0.3496478214491427,-0.4646001986818446,1
GME,2025-09-26,0.6306688476369997,-0.43170935719205544,0.07543803533501638,3.5644312137856895,0
GME,2025-09-29,2.8744355633110885,1.3026805117277507,1.3597903136127076,-0.07353221462664387,1
GME,2025-10-02,1.1560693641618507,0.3334807101493022,1.4664302866366246,-2.536071428571431,1
GME,2025-10-09,0.572831111726896,-0.1756312624438613,0.520425882332076,-2.074857303861045,1
GME,2025-10-13,1.0327002677983206,-0.7473880362366153,1.436306257033525,0.6388435293358794,0
GME,2025-10-27,5.015002143163317,-0.10704150171837695,5.5393470893880945,-3.9591836734693833,1
GME,2025-10-31,0.5518746954979022,-0.5318104764925036,2.4571471363264905,-1.8660795857247015,1
GME,2025-11-10,0.6970263768306029,0.1629015064192003,2.0408145965091795,-0.8306417889257844,1
GME,2025-11-26,0.5698020188783596,-0.21321745184724683,0.845062930866042,2.313501830802517,0
GME,2025-11-28,2.814954714561634,-0.573526386126991,3.3187799578670787,1.8065498247302512,0
GME,2025-12-02,0.6622482872430389,-0.22026767074425366,1.5488632894519394,0.6574595085766255,0
GOOG,2025-09-26,0.5009140791358198,0.1421620861479555,0.215997314453125,-0.2441647610500182,1
GOOG,2025-10-13,1.5465660432798625,-0.628141973445741,0.6105180872877543,1.4815117073544455,0
GOOG,2025-10-15,0.7764242528899898,-0.22307971808962068,0.40937721041463165,1.565082602789553,0
GOOG,2025-10-20,0.5873787448690769,-0.06696987879890787,0.05468085392958966,0.7563083203455919,0
GOOG,2025-10-22,1.4236830056998349,-0.3013247232673209,1.1365418474835187,-0.9645519725892168,1
GOOG,2025-10-23,0.5028134070455351,0.07131779234093902,0.4033668414102445,-0.007881072694343112,1
GOOG,2025-10-24,1.3670518823498945,-0.23974313612369658,0.030943779367665465,1.2631217882708639,0
GOOG,2025-10-27,2.5215870724189173,-0.2564892495108113,0.6602020479676427,0.9321671639444775,0
GOOG,2025-11-05,0.7174032527533486,-0.16555914824931084,0.7519635657965156,1.7395644041262228,0
GOOG,2025-11-06,0.5259588205609664,-0.06679769386972195,1.2022502349482485,-0.1382348581069074,1
GOOG,2025-11-10,1.904384541617168,0.3190113612597042,0.6718280856007566,1.8863324238657417,0
GOOG,2025-11-17,3.305296326675204,-0.06133642440123942,1.3302151366955521,-0.051098174160769505,1
GOOG,2025-11-18,0.8431078057897192,0.22737915134095266,1.0911019480373068,-1.1789160778223653,1
GOOG,2025-11-19,0.961400082236842,-0.7936503721056077,0.06220170097728442,1.9357788123534794,0
GOOG,2025-11-20,3.873039933085941,-0.8283776321100704,1.277321426198974,-4.975879725469023,1
GOOG,2025-11-21,2.687302181244822,-0.873107436797185,0.600273734647081,0.8106533639908564,0
GOOG,2025-11-24,3.6986999206237527,-0.07668211962712218,0.025093774534035065,2.514598917516381,0
GOOG,2025-11-25,2.5973006905210223,0.17607578921915767,2.792538992647009,-0.953789674952203,1
GOOG,2025-11-28,0.8737712591668003,0.25027565111566624,0.2386192999405109,-0.9713843774168557,1
GOOG,2025-12-02,0.5233921955541238,-0.45470410505701964,0.6318416473146939,-0.2776882024086892,1
GOOG,2025-12-04,0.7123939710395557,-0.3076988451618435,1.6597574557604287,-1.3605348065333838,1
GRAB,2025-10-02,1.3536340290721476,1.0256426725736898,0.5057694545038054,1.001673308422104,0
GRAB,2025-10-03,0.9917377440397434,0.24855265894203324,0.16395922237146607,0.8183284025042479,0
GRAB,2025-10-06,1.623380338990841,0.24410120618462294,1.669317284903959,2.23641798721102,0
GRAB,2025-10-07,2.3437529802322334,0.07818638136668572,1.8187321204793432,-4.27328523029341,1
GRAB,2025-10-08,0.7958433144826513,-0.07808916801529527,0.7827059010117977,1.1075921904638404,0
GRAB,2025-10-13,2.2163921020800976,-1.0968819445186446,0.4118631739772924,-1.1666666666666714,1
GRAB,2025-10-15,2.8796151194280917,-1.746879474467493,0.9819957687141606,-2.306427803988987,1
GRAB,2025-10-20,3.010246972904699,-0.6925768280723981,2.461801603411166,-1.899826642102832,1
GRAB,2025-10-23,1.2477687760895317,0.6278061333149555,1.3986037327693017,0.8662002314842926,0
GRAB,2025-10-24,2.108495158705731,0.2484662647940432,1.0860358999972897,1.6302125271802642e-06,0
GRAB,2025-10-27,2.3931584806523833,-0.3203408319592747,0.4139094952715949,2.0033427957783645,0
GRAB,2025-10-28,2.0949249767047435,0.08189976922019411,1.7531856609757577,-4.780377045343255,1
GRAB,2025-11-05,1.4834215919800795,0.08733791180303913,1.9607862283823692,-2.837490208028095,1
GRAB,2025-11-06,0.8849523763740949,-0.615654232749707,1.7052301395077603,-0.8771896655832082,1
GRAB,2025-11-07,1.0619475778225185,-1.3100420241383657,3.972366504124765,-2.4518395308523613,1
GRAB,2025-11-10,3.59066393045805,-0.5357125918475609,1.5100690342435896,2.25303326695353,0
GRAB,2025-11-11,1.94915027941687,0.08481796589761538,1.2616361086505992,-1.745633729281264,1
GRAB,2025-11-20,1.506588822704258,-0.2854368031387584,1.885445678269778,-7.421147985044471,1
GRAB,2025-11-24,5.2040859144561065,0.20450171344466045,1.8832373956716657,1.6585797616258293,0
GRAB,2025-11-25,0.9445656302457287,0.6820379791411898,0.7497649778259551,-0.9451788698220087,1
GRAB,2025-11-26,0.572518719971631,0.47938344545788114,1.1278152465820364,1.2333969508299447,0
GRAB,2025-11-28,1.218371047187098,-0.18708682103225813,0.23765868986309657,1.018516734467318,0
GRAB,2025-12-08,0.9727637591529049,-1.1538425281907116,1.766920448245864,-0.3853575529856588,1
HIMS,2025-09-24,0.6589500583502641,-0.10674094547215836,2.5237438672871133,-5.820949099641693,1
HIMS,2025-10-02,1.261325279801032,0.7517470487645574,0.07665537327881088,1.5757894736842155,0
HIMS,2025-10-06,1.9199594874374097,-1.2204694835680796,2.10293360113592,1.678976645030365,0
HIMS,2025-10-07,0.5318266469159761,-0.3653794330429602,0.15506828408934473,5.437957672313464,0
HIMS,2025-10-08,1.0211127239265567,-0.051896510254842376,0.31767670463739234,-0.4454324766875078,1
HIMS,2025-10-09,1.7122690453215086,0.3626916555904278,1.255144775482548,-1.6523129173505073,1
HIMS,2025-10-13,1.0022237730981995,-1.6070094019472605,2.160218768458872,0.38589091900140354,0
HIMS,2025-10-15,2.369491368123924,-1.3153117581105638,1.3934296358965592,12.893310779941425,0
HIMS,2025-10-20,3.3601588166695424,-0.7191397591193189,0.9864630044313702,-0.19466407234572533,1
HIMS,2025-10-23,1.2652898729727333,0.1478384965886893,2.2670769543381155,0.9995825440662274,0
HIMS,2025-10-24,2.9690693334205864,0.5493923215408165,0.7080178551812748,-2.102520335568095,1
HIMS,2025-10-27,2.556758825216684,-0.989698501197048,1.9830151082686327,-3.4906250717062646,1
HIMS,2025-10-28,1.5503254604243797,0.31052718972037396,0.80333226382163,-3.6426524458311396,1
HIMS,2025-10-31,1.9438239965545996,0.40613787548559493,0.7012701825138605,0.31962595870910515,0
HIMS,2025-11-03,3.054277138824233,0.3306864806659731,1.9522835189711403,-4.989342110336002,1
HIMS,2025-11-04,2.6705565529622928,-0.6908824142281784,3.898062190411569,-6.644808743169397,1
HIMS,2025-11-05,3.2545035685345183,-2.953870418343414,0.5143287430893572,-0.49886277036991605,1
HIMS,2025-11-10,3.4974035701911106,0.8572854909752502,1.8553762077756824,-3.470994161569549,1
HIMS,2025-11-19,1.1329054272481238,-0.2755605208170684,2.1406916828898663,-2.049176244232351,1
HIMS,2025-11-20,2.5941388543845845,0.5610055134946154,0.4296791458934562,-8.48286808822054,1
HIMS,2025-11-24,0.6063332713005759,1.8039709531046006,0.11255181344091482,8.94331909730205,0
HIMS,2025-11-26,1.7520215633423142,-0.2956170039750318,0.9979268244628281,1.3700662251655698,0
HIMS,2025-11-28,1.6536394768336948,-0.03317562820594688,0.3732175170505774,2.2280165555893556,0
HIMS,2025-12-04,3.181451759945183,0.16203408771559163,2.049522805405554,4.259209623044715,0
HOOD,2025-09-24,1.0452949589175582,0.19041501327305288,0.3885305699855392,-0.2742934782966145,1
HOOD,2025-09-26,1.4212187935516667,-0.1468074459306045,0.18364950831973442,-2.0294742740646616,1
HOOD,2025-09-29,1.8002435987592431,-0.08213552361395836,0.04776875742248678,10.465119545666594,0
HOOD,2025-10-02,2.6424938344773765,0.7256462085864313,1.5668523010911732,2.056904834519831,0
HOOD,2025-10-03,0.8206058878755365,-0.21926568786820472,0.015779608777306626,1.025059665375035,0
HOOD,2025-10-06,3.111412399397446,-0.372786717228664,2.128979468433114,-5.5969676374797555,1
HOOD,2025-10-07,1.3713815004512864,-1.3999814097650451,1.6653052131293626,-0.9223835779733458,1
HOOD,2025-10-08,0.9999356691726065,0.0931837791199247,0.8297250803168957,3.236373800933335,0
HOOD,2025-10-13,3.744616296404228,-0.983772153342016,5.819583379167772,-2.513480320782753,1
HOOD,2025-10-15,2.6737794097071026,-2.2821849778972685,1.3613874523279401,-2.784316004717689,1
HOOD,2025-10-16,0.8752350478642923,0.15667466755156417,0.5263945323923461,-2.7548849678311984,1
HOOD,2025-10-20,2.6382604733530184,-0.5317331558229385,1.1831102198280603,2.3381276240336915,0
HOOD,2025-10-23,0.7221407568435984,1.5382153188171181,0.9518666895453239,4.59008131202748,0
HOOD,2025-10-24,2.816485726223124,-0.7102154190646869,0.8511180387951025,1.2029816948722263,0
HOOD,2025-10-27,3.759394125660128,-0.1501505858966898,0.8144629025873124,0.8802664991323863,0
HOOD,2025-10-31,3.476855415972343,0.3797468354430421,4.931911002230311,2.263226851217246,0
HOOD,2025-11-03,1.3823662804307155,-0.8306333170214363,1.6094683019272713,-1.4306856615763042,1
HOOD,2025-11-05,2.2966992724072806,-1.194349597815193,2.9574455098902925,2.338243006128544,0
HOOD,2025-11-10,3.1140693693559887,2.2789083836579414,0.2455911094298962,-0.1659362208617809,1
HOOD,2025-11-12,1.03107999001966,0.22643651599847336,1.5822112715967678,-0.2626403431361292,1
HOOD,2025-11-19,0.6560592944322545,-1.429618816718427,0.3511808669031049,3.030040995232033,0
HOOD,2025-11-20,2.9468502801418657,-0.23640867581438468,2.4507455860317355,-12.801498257009285,1
HOOD,2025-11-21,1.4000191431844897,-1.4402552564804367,0.8383267033861578,-0.4862631246263098,1
HOOD,2025-11-24,2.8010303267218015,-0.3148018421679649,0.42780916430180316,4.73507341498165,0
HOOD,2025-11-26,4.5948291647023165,-0.4377324923864852,0.3971453028671201,5.991921255443791,0
HOOD,2025-12-02,1.6593668144347453,-0.45234494180399476,0.3085926555817281,0.33124182923749035,0
HOOD,2025-12-08,1.7759609164508459,-0.06826401164135722,1.401112216237292,1.8381758272118,0
HOOD,2025-12-12,1.2883882991653863,0.40271657713515224,0.8394716999503761,-3.544000244140625,1
IBM,2025-09-25,2.0127069925597976,-0.2237530897412524,1.4208677003709531,3.116127472652309,0
IBM,2025-09-29,0.5944215820759022,-0.7990251412236561,1.1324360810921168,-2.097902097902098,1
IBM,2025-10-07,2.0898058006800517,-0.18961827826771677,5.543145073784722,-0.40256736325841774,1
IBM,2025-10-15,0.8075339065046254,-0.33528703951010397,0.09769224698022434,0.851352495013131,0
IBM,2025-10-31,0.6256853512223434,-0.17546754464695755,0.8640186706547349,-1.4711538461538383,1
IBM,2025-11-12,1.966726586904715,-0.09394921729069641,0.13904631859665534,-1.0847524116221843,1
IBM,2025-11-20,2.1140967104864075,-0.5377476975850016,6.146423545244942,-1.4390491574936553,1
IBM,2025-11-21,1.0606098437769105,-0.8433759546447193,0.06954119479785896,1.3493215433525216,0
IBM,2025-11-24,0.584989468726887,0.05045290819299712,0.051329197824385824,1.647405389691264,0
IBM,2025-11-26,0.5137977326201322,-0.07897892553533667,0.3072035710419488,-0.3866546641656345,1
IBM,2025-12-08,0.5586213436789617,-0.16536547325104026,0.2373654342566199,-0.1421081080441721,1
IONQ,2025-09-23,4.532906680684216,-1.5240996885179043,3.7160541089836228,0.0786961999772266,0
IONQ,2025-09-29,1.4695083275603895,0.5816417910447833,1.959928176469409,-6.200639695413314,1
IONQ,2025-10-02,2.588045205530278,1.2338774709800544,0.2751031636863928,7.251971329202803,0
IONQ,2025-10-03,1.553728007323579,0.914638170300993,3.2576947462487365,3.4707519325855127,0
IONQ,2025-10-07,2.7541554568760627,0.8705663606899607,2.373635157523101,-2.1715650992514,1
IONQ,2025-10-09,0.5236341925107777,1.7625324710522967,0.7979473253882461,3.432612740935544,0
IONQ,2025-10-13,4.2041628379521345,-0.5523308299232229,0.4916326549025042,10.767776715594586,0
IONQ,2025-10-15,2.52661593100712,-3.26302546390932,3.518267554218508,-8.931701555350429,1
IONQ,2025-10-16,1.4697839925577392,-0.02746456318049545,2.828537434283461,-10.518481735052534,1
IONQ,2025-10-20,3.04512079298477,0.6830805907054139,4.225035269660106,-7.211755833198601,1
IONQ,2025-10-23,9.892083586548726,0.8342412322150314,11.135746882512015,-2.8150548560972495,1
IONQ,2025-10-24,4.42909788065544,-0.9177378648007093,0.7498002929157668,-2.289950588565167,1
IONQ,2025-10-27,3.9775540518237276,0.21501971137266196,1.0484124248794013,-0.09523809523809885,1
IONQ,2025-10-29,2.0284300868951006,-0.22487695935443835,1.1185873046053718,3.9762134011063814,0
IONQ,2025-10-31,1.379424962605947,0.13313337861368893,0.3407478428206105,2.101311475409831,0
IONQ,2025-11-05,2.59279985077411,0.27120517534514643,2.57514574130019,0.018181818181814566,0
IONQ,2025-11-06,4.1265202314067935,-0.8828828828828865,6.475676947032868,0.17458314042295636,0
IONQ,2025-11-20,1.2930129193414304,-0.18734578229004797,2.2935746340909526,-15.359274740986217,1
IONQ,2025-11-21,3.527125695186126,-1.6036352294698444,1.8881115324291562,-1.1748152188848249,1
IONQ,2025-11-24,1.6405135520684682,2.2859948748353505,0.4571446010044643,11.158128654970758,0
IONQ,2025-11-26,1.3253559766543503,-0.5527230239519817,1.0389654129897992,-1.0337584601371463,1
IONQ,2025-11-28,1.6840775163919348,-1.054629506478274,0.19487429887820512,3.8155119663532577,0
IONQ,2025-12-02,1.2362435007783044,-1.1588155341145774,0.0,-1.6607099009718351,1
IONQ,2025-12-08,2.4672645254636536,-0.7721252088564816,0.7175365534460849,0.7223528605459395,0
IONQ,2025-12-11,0.6203984604088948,-1.4896879321222891,3.867891168238645,1.2524055009843922,0
IREN,2025-09-22,6.4874664330303835,-2.8255649014497437,5.168502632228807,1.6990272429563018,0
IREN,2025-09-23,2.6372340527809923,0.011933505625252298,1.2307377184851693,-2.802002181575689,1
IREN,2025-09-24,3.791862013237335,0.7585864324096709,0.8500422418679312,9.0008109474298,0
IREN,2025-09-29,3.819609709662058,1.2164292852608956,0.0,5.169054441260751,0
IREN,2025-10-02,3.5470065907535453,0.13908075061421443,2.0858699305683395,-2.992156648507368,1
IREN,2025-10-03,1.042331418847058,-0.3180658352363047,0.07754815621390196,6.421052631578942,0
IREN,2025-10-06,6.88427058218967,-0.5508593762898956,0.0,6.939110319098768,0
IREN,2025-10-07,4.233008546537665,1.1363537891601623,10.861693162184496,-5.338312255005855,1
IREN,2025-10-08,5.104364442984239,-8.270316009145457,2.0826418537738896,0.48381481961548556,0
IREN,2025-10-09,3.786921550221474,-0.8890534979423909,0.8280262166895073,2.400381310999523,0
IREN,2025-10-10,5.891548892374537,-0.5130592294619858,0.24637415789175726,-11.157027594289614,1
IREN,2025-10-13,5.448504222983929,0.6016040215476893,4.85635929365691,1.4020171143377465,0
IREN,2025-10-15,2.712233289540243,-3.5868491652135113,3.8741975286465378,-4.461724509235481,1
IREN,2025-10-16,0.9604154793747667,-1.3880908202370852,5.17730712890625,-9.810475677296404,1
IREN,2025-10-20,4.915059558554445,-0.3287881391326554,4.246747087264602,-6.508411524331666,1
IREN,2025-10-23,2.5476459397828206,-0.50309656277177,2.7222756613950736,6.780960532532608,0
IREN,2025-10-24,4.909635444474831,-0.7808094186664739,2.846773209110383,7.093279713598697,0
IREN,2025-10-27,2.64779885961706,2.3955993038949153,3.6417946886660446,0.1925039595072857,0
IREN,2025-10-31,5.465414175918023,0.051263742313155315,2.8145255793420714,-2.3481781376518263,1
IREN,2025-11-03,21.207292597882986,-3.163642915178524,9.535373200267609,-7.399296226744001,1
IREN,2025-11-05,3.1948448353949463,-1.5795658363045413,1.8349898488897989,10.523396260310488,0
IREN,2025-11-10,5.238778772797378,-0.39771016214465943,0.11834590659837681,-8.332067750043018,1
IREN,2025-11-12,1.0396835440842398,1.7633590754212292,2.558888324012876,-4.40747952797718,1
IREN,2025-11-19,1.8121882757598475,-2.3134160242458464,2.1166374072170098,-7.3017773604038,1
IREN,2025-11-20,7.102332717592534,-0.5641140198028263,0.6685677272105931,-11.398592622654348,1
IREN,2025-11-24,1.5857944827107988,0.4756260798292322,0.6989272084861339,13.303825896213928,0
IREN,2025-11-26,4.266101228901297,0.8090244186099426,2.9680713107726544,-1.8634777228860688,1
IREN,2025-11-28,2.3426193693966013,-0.7578854918826278,3.184464834268811,-3.3175337598983305,1
IREN,2025-12-08,1.298669513745958,-1.1510420315177323,0.9561789406320353,2.473500995797764,0
KOSS,2025-09-26,0.7604598999023479,,1.5981444606074646,-0.7547205527424203,1
KOSS,2025-10-02,0.7662879096137201,,4.6210749092031564,-1.5209168327135714,1
KOSS,2025-10-03,1.1582967397329025,-0.38461173074472427,0.943396226415091,-0.954194146987419,1
KOSS,2025-10-06,0.5780306395308286,0.3868457139442016,0.0,-0.9578504253122726,1
KOSS,2025-10-13,1.2371102559197882,,0.6707066237324452,0.20366910180580328,0
KOSS,2025-10-15,1.1741697904881603,,0.0,4.448741205259862,0
KOSS,2025-10-20,0.6122413946657692,,0.4040438719470127,1.0142023002509333,0
KOSS,2025-10-22,1.2987020064373465,,1.8620665839276562,-9.065934701256285,1
KOSS,2025-10-23,0.5035200628029045,0.9146325814683995,9.2727314342152,1.0020086407866082,0
KOSS,2025-10-24,2.9761916115170424,-0.4935845397438817,4.972378500697797,-1.1025136409000603e-06,1
KOSS,2025-10-31,4.936972385695006,-1.244816795114264,3.0097109600178316,-3.303301087876077,1
KOSS,2025-11-10,1.7777760823567708,,0.0,9.170307495422154,0
KOSS,2025-11-11,1.8000030517578127,-1.2852696006556028,1.926779333566662,-1.571712184472463,1
KOSS,2025-11-13,3.3126246608315526,,2.0040061967810527,-3.807610818298473,1
KOSS,2025-11-25,1.9480527737439948,,2.6748967268830035,1.9108272000871431,0
KOSS,2025-11-26,0.520829359690352,,1.3292472542916762,-0.3108768882505226,1
KOSS,2025-12-03,1.871103853792766,,0.4065021266782172,0.8163245684502239,0
KOSS,2025-12-05,0.8247395151669291,,2.8326619055963325,-1.2269911681759833,1
KOSS,2025-12-08,2.6894389719202882,,0.40121465180955657,-7.457809827350703,1
KTOS,2025-09-26,0.591715976331361,0.2015868199385125,0.3941986526268116,1.5058823529411778,0
KTOS,2025-09-29,3.082988457819018,0.2789389608541317,1.3866675949265372,-0.9669467256567955,1
KTOS,2025-10-02,2.3599114911309638,0.04851786740834611,0.0,0.042111945604882725,0
KTOS,2025-10-06,2.781248092651367,-0.09365838414038657,0.7950506286125517,1.8039949975542975,0
KTOS,2025-10-07,0.5375787593524424,1.1071983319309662,0.8016411959105302,2.673534204716624,0
KTOS,2025-10-09,1.7872334653885935,0.2417150071368954,0.14414744334177929,-8.491266668036989,1
KTOS,2025-10-13,1.047607269936019,0.5789960081684746,0.37761819269898267,-1.1701890683351601,1
KTOS,2025-10-15,2.8238473107728135,-1.2337967712749318,2.0644511581067446,-7.524244183628278,1
KTOS,2025-10-16,1.1481593581166185,-0.6798212379261919,1.908973487647804,-3.143421371147555,1
KTOS,2025-10-20,5.108079840028187,-0.802591435063644,3.0418898551639413,-0.0459569337162172,1
KTOS,2025-10-23,0.9816644038059983,0.8588788658222211,0.9056664615697254,5.411106693842252,0
KTOS,2025-10-24,2.366663614908854,0.7049314468573887,3.180848791244182,-2.0948630315370647,1
KTOS,2025-10-27,3.181817843485827,0.022177528006809877,1.947366814864309,-2.567959280821964,1
KTOS,2025-10-29,0.685004057770556,-0.3606940178961589,0.0,0.9016022868519028,0
KTOS,2025-10-31,1.3476759499088722,-0.38357332128789046,1.3518019065962605,1.24036446835122,0
KTOS,2025-11-10,4.330306134291646,0.6307926015695086,2.798051671680166,-2.9121455413998056,1
KTOS,2025-11-12,0.53531792662227,0.1307388404018239,1.607717041800643,-1.753246753246746,1
KTOS,2025-11-20,3.516335450915345,0.7138823364571456,1.5037630183964894,-9.633462719581956,1
KTOS,2025-11-26,0.999337843781233,0.10003538166765213,0.45616094518483064,-0.03958186088373872,1
KTOS,2025-11-28,0.6071048659543326,-0.4205498137621542,1.1168839095474838,-0.17054093035373694,1
KTOS,2025-12-02,1.2293410877633777,-1.2410593383308888,1.3872037431607744,-4.250439325879025,1
KTOS,2025-12-08,1.4248318142361112,-0.0653207704302819,0.6756415733924279,-0.7217378068326482,1
KTOS,2025-12-11,1.7880774491670117,-2.7876146140551983,0.975165731749271,2.5113878519188613,0
LCID,2025-09-23,0.6266765543255517,0.022390489063508653,0.9190415243563408,-1.6014214838392036,1
LCID,2025-09-24,2.3056019926157347,-2.2536419782585804,0.35103917437835835,1.5024341663381644,0
LCID,2025-09-29,0.6915669476783509,1.1357653847867264,0.28589284057955866,-0.43469544053276915,1
LCID,2025-10-15,1.239098053888865,-2.0233802866426025,0.7158829739652462,-1.767903333563026,1
LCID,2025-10-20,1.0162558982042778,-0.3796464892570082,0.4500007629394532,0.21479296295780526,0
LCID,2025-10-24,0.6940769372747574,-0.610237821940368,0.8905181964696415,-1.5906712653386896,1
LCID,2025-10-27,0.5387922813152514,-0.509250512724542,1.671088342641337,-2.7867087441816123,1
LCID,2025-10-29,5.088495575221249,0.3886716836677594,6.934671066514205,-4.947368421052638,1
LCID,2025-11-05,1.4669949967587235,-0.48662123758381975,1.7889128601401751,4.518069887320518,0
LCID,2025-11-06,2.305475504322758,0.2890217638411307,1.6021406893358365,1.1830985915493006,0
LCID,2025-11-10,1.5028870863721508,0.46458008034568393,1.0680186862260488,-2.164006136101496,1
LCID,2025-11-11,0.6984821714816482,-0.9227229018450258,2.214411639788574,-1.791903183420143,1
LCID,2025-11-20,0.55999755859375,-0.23942325307677947,0.0015646219020393208,-6.682575300062209,1
LCID,2025-11-24,1.3832387155978316,0.36749787555316504,0.9848364048354211,1.5248793039432778,0
LCID,2025-11-26,0.7674605866532511,-0.1532581643107063,0.755857033704327,1.8339671246022267,0
LCID,2025-11-28,1.1158678445842638,-0.8100856524080624,1.7582428761017652,1.331357515842133,0
LCID,2025-12-04,1.9548805507682516,-0.7706422018348655,1.083819151378707,2.3628341886742388,0
LEU,2025-09-23,1.2344066357520647,-0.4745166115886172,0.33974280724158656,-2.3903225806451696,1
LEU,2025-09-26,1.268456355579736,-1.1838042485631832,2.754147400883261,-3.68495781160726,1
LEU,2025-09-29,4.006572153376436,-0.8143322475570033,3.7127287491508154,-0.09473072165060434,1
LEU,2025-10-02,2.675848274199846,-0.23213230054793785,1.0098023450544757,2.5090445476568197,0
LEU,2025-10-03,0.860832137733142,0.5772005772005772,4.675821157602163,-2.29587482219061,1
LEU,2025-10-06,1.6102237588673436,-0.09890014385704468,0.6501223878349817,1.8827397712633225,0
LEU,2025-10-07,0.666608695886255,-1.32663472870093,0.547945205479452,3.60994867947734,0
LEU,2025-10-08,2.173562613346774,0.5695375277567004,0.5181347150259068,-3.7294142474430414,1
LEU,2025-10-09,0.6497587709904044,0.4682584393862289,2.113398303187387,1.1957956366313331,0
LEU,2025-10-10,2.549059510195724,0.1320713171359776,1.915281094247531,-3.931967702858221,1
LEU,2025-10-13,13.322407039788251,-2.788844621513944,1.7368062337239583,-3.221142215030464,1
LEU,2025-10-15,8.542003231017764,-2.823365233797033,4.018524520980197,1.532558139534878,0
LEU,2025-10-16,3.987723035342089,-0.24106045771243653,3.1336583689512176,-7.938325991189432,1
LEU,2025-10-20,5.207785376117836,0.608628245743142,1.9753574638647873,-0.03249999999999886,1
LEU,2025-10-23,1.5840766959779085,0.42079682116751604,5.688803181872965,6.990625000000001,0
LEU,2025-10-24,6.414109464107725,-0.5518892364435568,1.3440669740232913,5.116244644890661,0
LEU,2025-10-27,2.1359359470674852,-0.6588699907349226,5.3888318774560044,-7.810301514300735,1
LEU,2025-10-28,3.7160288408208473,-0.7472860804431246,5.795700462709849,-2.754010695187169,1
LEU,2025-10-29,0.6983750988108363,-0.15373901900055875,2.879996744791667,6.40563848601344,0
LEU,2025-11-05,0.9361754032872849,1.0819266466270252,2.233424087891139,-1.489425981873114,1
LEU,2025-11-10,4.501484792469897,0.4791555506744598,2.6371268738393217,-6.103754435562566,1
LEU,2025-11-12,0.7711009322259277,-0.4453952946836998,3.414107715034572,-0.8193423183490888,1
LEU,2025-11-19,2.5774482983245632,-0.008130081300817167,1.8501964524562258,4.823237286983517,0
LEU,2025-11-20,6.983247553812285,-0.9215254146995113,3.089157851425918,-14.83248258499511,1
LEU,2025-11-26,2.0162262029078684,-0.7612895668599746,1.090155002729669,0.19685039370078738,0
LEU,2025-11-28,1.768172888015717,-0.7603868645781197,1.1921606595504013,1.4247104247104239,0
LEU,2025-12-02,0.5251403070421851,-0.5912462687310177,1.2462017769914262,5.105274536227722,0
LEU,2025-12-05,3.003983777769804,-1.5580866350284746,4.943619361936192,-6.902439024390245,1
LEU,2025-12-08,0.77473324810996,-1.0407407407407416,3.2241720088545422,-0.28225868605090815,1
LRCX,2025-09-22,2.1076278133494513,-0.4119421680578797,0.13735181176777175,1.9483766777367837,0
LRCX,2025-09-29,3.7013962682573633,-0.06230329400182831,1.1805181508996307,-1.495342503512282,1
LRCX,2025-10-02,2.9238716562018583,0.6645191736630456,0.4739336492890918,-0.6566164474103613,1
LRCX,2025-10-06,2.8050160458709095,-0.19166017174989927,0.03650040403567907,0.6671155064930819,0
LRCX,2025-10-13,4.514786724049595,0.43527166534255285,3.75173164065131,-0.6598588904444972,1
LRCX,2025-10-15,4.028008814229092,-1.1996159728647515,0.39214239652276445,0.46492220304682447,0
LRCX,2025-10-16,1.823455013776289,0.33263821073518784,1.2964807762772195,-3.5883857242237296,1
LRCX,2025-10-20,1.5427114097827896,-0.5734388742304294,0.04126379718864671,0.39026725583519983,0
LRCX,2025-10-24,1.6063465244065223,-0.5024133551677219,0.03874681778806059,1.3874966893996317,0
LRCX,2025-10-27,2.710705053195311,-0.17732465294671124,0.21627859688253276,0.41637267766772873,0
LRCX,2025-10-29,1.6900141370003827,0.42591201441510723,0.0,2.0473933649289155,0
LRCX,2025-10-31,1.2173164528309635,-0.29105507801231495,0.12218030744655742,-2.5863663184213506,1
LRCX,2025-11-03,0.7779317143800618,0.49692902021323193,1.6830225963538157,0.981307864823482,0
LRCX,2025-11-05,1.149061063178039,-0.466420377264822,0.2780043651545879,4.575739252804531,0
LRCX,2025-11-10,3.266390132275655,1.152122573205085,0.7253160659730095,1.1029791893308396,0
LRCX,2025-11-12,1.331740409946449,0.056564357656793414,3.293863443139729,0.06819319513428208,0
LRCX,2025-11-19,2.506284439440574,-0.4067421940934922,0.1018184710575481,-0.12259199673769347,1
LRCX,2025-11-20,4.613019629139316,-2.1289351413871813,0.5762398455203877,-8.724696980019802,1
LRCX,2025-11-24,2.0419567615002183,-0.1598865453256197,0.4005214865060428,3.056470591433889,0
LRCX,2025-11-26,0.6812323687820827,-0.026321787446079686,0.683869392641129,1.4218963254213448,0
LRCX,2025-11-28,0.6832518681463203,-0.9576094200033423,0.8722963394075101,-0.12803902186275823,1
LRCX,2025-12-02,0.7817042444602417,0.14881110574490533,0.03811304744735151,1.4038461538461524,0
LRCX,2025-12-05,1.2383833457357047,0.5248300550474679,0.860076457327042,-0.1918209323268167,1
LRCX,2025-12-08,2.066789998449322,-0.5452198309742861,0.7230223787808665,0.4691963776436465,0
LTBR,2025-09-23,1.46547062623223,1.4616927680531362,1.5602833553572735,2.0807871667789515,0
LTBR,2025-09-26,1.2506529712130274,-2.5571744555364826,0.2938269623810511,10.396292656187601,0
LTBR,2025-09-29,3.962700405876679,0.7988689279562682,4.59950485441489,1.7488824048536693,0
LTBR,2025-10-02,2.9865084815346816,1.8395867888530075,0.9237822591906234,-0.8886771198534867,1
LTBR,2025-10-03,0.9438385542635026,1.4360967884959452,1.7947049202792043,-0.8415118970762864,1
LTBR,2025-10-06,5.657707908590799,-0.8646901322992929,1.8108292744882584,1.2048199662039256,0
LTBR,2025-10-07,1.895946253754686,-1.9455217340859057,4.249783779712433,0.17308259884043156,0
LTBR,2025-10-08,0.8207350003796634,1.0908206524907693,0.39128554507608015,-1.0711231831768915,1
LTBR,2025-10-09,3.724559389083817,0.293195431476286,2.800660156281607,-0.542800663040553,1
LTBR,2025-10-10,1.7212407314707296,1.621158094217,1.3002075624578093,-8.873295843396841,1
LTBR,2025-10-13,3.215583856555007,-3.9164471721688523,0.5316910406528068,18.078099688296227,0
LTBR,2025-10-15,8.76923341017503,-1.6455436910555485,7.157534582124094,-3.6775129469378784,1
LTBR,2025-10-16,1.9089582558070393,-0.9094207828289,2.928570338657924,-4.034582923801901,1
LTBR,2025-10-20,4.87547198545585,-0.6083452487611583,1.9062729802178107,4.9708219793818955,0
LTBR,2025-10-23,3.755211686446923,0.5125858351361021,2.5367173185123515,3.217162047510716,0
LTBR,2025-10-24,4.242423912147417,0.021652681507626753,1.413472910138775,5.1910302336145575,0
LTBR,2025-10-27,2.645084879589427,-1.4780206067846782,6.661620562406859,-8.500000000000004,1
LTBR,2025-10-28,2.0176564008561275,-0.7302322197940561,4.563495091029574,0.6180450737830409,0
LTBR,2025-11-03,1.7517675626557907,-0.8865892040261395,6.384167871944565,-9.230766694086839,1
LTBR,2025-11-05,3.2293952653031073,-0.7076541620185094,4.025425345210711,0.0647282133043861,0
LTBR,2025-11-10,7.7292062072103125,2.345881495273936,5.5914731281697225,1.6823400837685698,0
LTBR,2025-11-12,1.9547180798434058,1.2852814790873202,1.6868820983951867,-1.599979444227011,1
LTBR,2025-11-19,0.9445122873065247,-1.5688500803945755,4.796432265341779,-0.29239988511291704,1
LTBR,2025-11-20,3.2258086889719992,-0.92968676922831,4.218501436059179,-17.443183607552626,1
LTBR,2025-11-24,0.7132659454998749,0.8633121205971261,1.180558734469946,6.019830887606716,0
LTBR,2025-11-26,0.8614994501577782,-0.3940682927418859,1.2987025372393741,-0.32851686039141925,1
LTBR,2025-11-28,0.8569557728072732,-1.1082148037606852,0.05488834318397918,6.274508479068386,0
LTBR,2025-12-05,0.5058974747982148,-0.6700159041567468,4.196378757060393,-4.138697961409041,1
LTBR,2025-12-08,1.8961502484707702,-1.4942507139677412,4.299276741060009,-3.006012871463371,1
LUMN,2025-10-02,2.800655207877492,-0.5733008839334575,2.2293047555013756,2.243593493862401,0
LUMN,2025-10-06,2.89634146341464,0.8455016847268524,1.0474833919478985,6.074074074074076,0
LUMN,2025-10-13,0.9089406134570344,-0.3764137865413035,1.9753984707999352,1.503757942834181,0
LUMN,2025-10-15,2.765646910910348,-0.5068820962327087,0.27855127304566324,2.549575901973629,0
LUMN,2025-10-16,0.9668500383914475,0.6254319286309687,2.536713074300893,-3.830368604258485,1
LUMN,2025-10-20,1.4492753623188355,0.6564548621634603,0.2139816610687269,2.571428571428567,0
LUMN,2025-10-23,3.571428571428571,-0.42674550374113673,6.000000238418579,8.137931034482756,0
LUMN,2025-10-24,2.4234659817754025,2.0169168298574873,1.883350444623154,0.747201357709232,0
LUMN,2025-10-27,6.551296484043043,-0.588608245411135,3.405223342179086,8.70069749881758,0
LUMN,2025-11-05,1.0436396444997562,-3.25837946625053,1.4837698094023948,1.9718346384195136,0
LUMN,2025-11-06,0.92081066433677,0.09216237952720086,0.09562035544447593,-0.18248209924600142,1
LUMN,2025-11-10,3.908480634225674,-0.0952380952380932,1.0009064249162973,-3.7614645218268046,1
LUMN,2025-11-12,1.2972960600981842,-0.4894820354655435,1.2594563620431038,-7.971183507805516,1
LUMN,2025-11-20,5.338543653488164,-0.8392496645516765,3.1707310095065897,-7.540174797064234,1
LUMN,2025-11-24,0.9222641292768053,-1.1718727910192208,1.4102580874942368,0.6527435193720386,0
LUMN,2025-11-25,1.0376129942026897,0.850229159393782,0.21005723927737105,2.6957643026357525,0
LUMN,2025-11-28,0.6180512153616076,-1.1002481884852124,2.1871845556361293,,0
