Ticker,Pool,Threshold,Events,Win Rate,Avg Fade Return
ABAT,Asset,0.005,1098,0.6284153005464481,0.013845516313535125
ABNB,Asset,0.005,383,0.4856396866840731,-0.00014882488245259414
ACHR,Asset,0.005,514,0.5719844357976653,0.0036819581605608714
ADBE,Asset,0.005,707,0.48797736916548795,0.00033464808927788906
AFRM,Toxic,0.005,500,0.5,-0.0012664182011461543
AMC,Toxic,0.005,855,0.5508771929824562,0.0021497566159766513
AMD,Asset,0.005,1094,0.5036563071297989,-0.0005825827557051997
AMZN,Asset,0.005,806,0.49503722084367247,0.00039514809658081307
ANET,Asset,0.005,847,0.4675324675324675,-0.001044291273728127
APP,Asset,0.005,422,0.490521327014218,-0.0013109633436536462
BB,Toxic,0.005,776,0.47809278350515466,-0.001092492103514859
BBBY,Toxic,0.005,907,0.5413450937155457,0.0017601963052393038
BE,Asset,0.005,764,0.5287958115183246,-0.0009962481713912791
BIRD,Toxic,0.005,441,0.6009070294784581,0.0057202770580186395
BND,Asset,0.005,54,0.5740740740740741,0.0004876716134226185
BRK-B,Asset,0.005,440,0.47954545454545455,-0.0002439717692303993
BROS,Asset,0.005,343,0.5160349854227405,0.0007625001348986116
BYND,Toxic,0.005,552,0.5670289855072463,0.003804961937102812
BZFD,Toxic,0.005,332,0.5903614457831325,0.006548538459524739
CCJ,Asset,0.005,910,0.5164835164835165,-0.00013443320179060361
CEG,Asset,0.005,305,0.5508196721311476,-0.0008441848824732711
CELH,Asset,0.005,959,0.5443169968717414,0.0012726596810754024
CIFR,Asset,0.005,523,0.5506692160611855,0.00272438648054047
CLOV,Toxic,0.005,495,0.5474747474747474,0.004146857223433256
CRWD,Asset,0.005,612,0.4803921568627451,0.0008998937448099557
CVNA,Toxic,0.005,797,0.5169385194479298,-0.0023961974856357864
DDOG,Asset,0.005,593,0.5311973018549747,0.00042909370407158924
DNA,Toxic,0.005,466,0.5515021459227468,0.003915267773892522
DOCN,Asset,0.005,443,0.5214446952595937,0.0020167654288479006
DUOL,Asset,0.005,350,0.4942857142857143,0.00020979698073695437
EOSE,Asset,0.005,549,0.5719489981785064,0.003006714734855665
FI,Asset,0.005,534,0.45131086142322097,-0.000721757099892729
FUBO,Asset,0.005,624,0.5144230769230769,0.003490810925089938
GLD,Asset,0.005,595,0.4823529411764706,7.295437646440019e-05
GLW,Asset,0.005,670,0.44328358208955226,-0.001632195146440974
GME,Toxic,0.005,757,0.5257595772787318,-0.002013973015933908
GOOG,Asset,0.005,654,0.46636085626911317,-0.0003469416681806231
GRAB,Asset,0.005,489,0.5644171779141104,0.0032310726627524707
HIMS,Asset,0.005,548,0.5474452554744526,-0.00033060043491654035
HOOD,Asset,0.005,395,0.4936708860759494,-0.0020171942630657826
IBM,Asset,0.005,444,0.42792792792792794,-0.0016190811344400286
IONQ,Asset,0.005,551,0.5698729582577132,0.0034663033339228347
IREN,Asset,0.005,474,0.5421940928270043,0.0031220575566411795
KOSS,Toxic,0.005,975,0.6215384615384615,0.008318523167107548
KTOS,Asset,0.005,877,0.507411630558723,0.0005205579581674422
LCID,Toxic,0.005,511,0.5577299412915852,0.002745607475196795
LEU,Asset,0.005,1167,0.585261353898886,0.0062220399527824054
LRCX,Asset,0.005,956,0.4602510460251046,-0.0015082209158124799
LTBR,Asset,0.005,1280,0.615625,0.011106579770691247
LUMN,Asset,0.005,716,0.4622905027932961,-0.002570790041310759
MARA,Toxic,0.005,1203,0.6026600166251039,0.007372759943548658
MCD,Asset,0.005,356,0.5168539325842697,8.330625103397843e-05
MGK,Asset,0.005,558,0.4211469534050179,-0.00047680015220595676
MP,Asset,0.005,561,0.5472370766488414,0.0031647789040621373
MRVL,Asset,0.005,968,0.5134297520661157,0.00034090927783483654
MSFT,Asset,0.005,652,0.495398773006135,0.0003594989927326271
MU,Asset,0.005,1081,0.4708603145235893,-0.000791593047064806
NET,Asset,0.005,594,0.494949494949495,-0.0011643231489392664
NLR,Asset,0.005,697,0.4949784791965567,0.0013132498943752677
NVDA,Asset,0.005,1037,0.46383799421407906,-0.0013090150390199762
NVO,Asset,0.005,930,0.4935483870967742,-0.00015221776043693405
NVTS,Asset,0.005,437,0.540045766590389,-0.0013177711901248682
OKLO,Asset,0.005,262,0.5992366412213741,-0.001911972917481701
ON,Asset,0.005,985,0.46598984771573604,-0.0016715534737186133
ONDS,Asset,0.005,552,0.5760869565217391,0.006211221325515221
OPEN,Toxic,0.005,611,0.55810147299509,0.0037762746651314794
ORCL,Asset,0.005,610,0.4819672131147541,2.815373473325609e-05
OSCR,Asset,0.005,409,0.508557457212714,-0.00011141089587988757
PANW,Asset,0.005,771,0.48378728923476005,-3.383375620005141e-05
PLTR,Asset,0.005,497,0.5231388329979879,-0.0002047178572426895
POWI,Asset,0.005,818,0.4963325183374083,-0.0008875827866008046
PSNY,Toxic,0.005,401,0.5486284289276808,0.0030793076763102733
PTON,Toxic,0.005,540,0.4925925925925926,-0.0007786392099420589
QBTS,Asset,0.005,492,0.6056910569105691,0.005364893340057607
QCOM,Asset,0.005,809,0.48084054388133496,-0.00036100098089507344
REAL,Toxic,0.005,632,0.5253164556962026,0.0009175203613172753
REMX,Asset,0.005,979,0.41062308478038817,-0.0022108723559414478
RENT,Toxic,0.005,397,0.5894206549118388,0.009762087815450944
RIOT,Toxic,0.005,1069,0.5706267539756782,0.0028411571447382322
RXRX,Asset,0.005,479,0.4968684759916493,0.0008777358478417027
SHOP,Asset,0.005,980,0.4969387755102041,-0.00042754932351868075
SIVR,Asset,0.005,889,0.5050618672665916,7.745434780378685e-05
SMR,Asset,0.005,446,0.5807174887892377,0.005359294422906459
SOFI,Asset,0.005,505,0.5069306930693069,0.0016748434740914767
SOUN,Asset,0.005,420,0.569047619047619,0.0036624163715196388
SPOT,Asset,0.005,619,0.4894991922455573,0.00029780385752338435
STX,Asset,0.005,822,0.4781021897810219,-0.000850693602376529
TMDX,Asset,0.005,578,0.532871972318339,0.0018252605845485688
TSLA,Asset,0.005,1036,0.5125482625482626,-0.0003855842912209506
TSM,Asset,0.005,966,0.4855072463768116,0.00011857695529768003
TTD,Asset,0.005,847,0.5206611570247934,-0.0006323023044686566
U,Asset,0.005,502,0.5318725099601593,0.0011440399122278257
UAMY,Asset,0.005,925,0.5772972972972973,0.01780699619413207
UBER,Asset,0.005,553,0.515370705244123,1.509165966032855e-05
UNH,Asset,0.005,562,0.5088967971530249,-8.124955974549162e-05
UPST,Toxic,0.005,518,0.5154440154440154,-0.0009366125186801858
UUUU,Asset,0.005,1215,0.562962962962963,0.005218623904973676
V,Asset,0.005,597,0.4656616415410385,-0.00040348632549659343
VOO,Asset,0.005,435,0.367816091954023,-0.0008137650870649681
VST,Asset,0.005,521,0.4798464491362764,-0.0008017971012027574
WWR,Asset,0.005,1101,0.6430517711171662,0.013447946559927142
ABAT,Asset,0.01,905,0.6298342541436464,0.0148992730882154
ABNB,Asset,0.01,211,0.47393364928909953,0.000699461472905205
ACHR,Asset,0.01,376,0.5398936170212766,0.0024036502197784635
ADBE,Asset,0.01,316,0.4778481012658228,0.0004469651406802673
AFRM,Toxic,0.01,365,0.5123287671232877,-0.002896736947979139
AMC,Toxic,0.01,515,0.5553398058252427,0.0017510438225863695
AMD,Asset,0.01,708,0.4858757062146893,-0.0015441168869984273
AMZN,Asset,0.01,376,0.5026595744680851,0.0006675719430231484
ANET,Asset,0.01,426,0.4507042253521127,-0.001818120741246247
APP,Asset,0.01,291,0.4948453608247423,-0.001083108861603135
BB,Toxic,0.01,395,0.47341772151898737,-0.001096203030716433
BBBY,Toxic,0.01,611,0.5351882160392799,0.0014876464459087327
BE,Asset,0.01,578,0.532871972318339,-0.0005908061527902344
BIRD,Toxic,0.01,321,0.6448598130841121,0.009431922910843077
BND,Asset,0.01,7,0.5714285714285714,-0.000452169732540028
BRK-B,Asset,0.01,131,0.5038167938931297,0.00012352972017219699
BROS,Asset,0.01,205,0.526829268292683,0.001782132693760198
BYND,Toxic,0.01,352,0.5539772727272727,0.005133628034303634
BZFD,Toxic,0.01,243,0.6049382716049383,0.009539470414292421
CCJ,Asset,0.01,483,0.5134575569358178,-0.0004907499457698973
CEG,Asset,0.01,163,0.5521472392638037,-0.0004064548615034036
CELH,Asset,0.01,607,0.5453047775947282,0.0024436038933227716
CIFR,Asset,0.01,434,0.5391705069124424,0.002347698988809036
CLOV,Toxic,0.01,328,0.5365853658536586,0.004805480514911064
CRWD,Asset,0.01,389,0.493573264781491,0.0017045983518831412
CVNA,Toxic,0.01,523,0.5219885277246654,-0.0031242661752407196
DDOG,Asset,0.01,364,0.5439560439560439,0.0005528687278439224
DNA,Toxic,0.01,355,0.543661971830986,0.004546001783032279
DOCN,Asset,0.01,299,0.4983277591973244,0.001159389270916194
DUOL,Asset,0.01,213,0.5305164319248826,-0.00047309936592727133
EOSE,Asset,0.01,413,0.5544794188861986,0.0004559827386249217
FI,Asset,0.01,186,0.43548387096774194,-0.0016563950689820989
FUBO,Asset,0.01,485,0.5154639175257731,0.0031160636731334245
GLD,Asset,0.01,183,0.43169398907103823,0.00012689368404688285
GLW,Asset,0.01,267,0.4157303370786517,-0.0032993915892127064
GME,Toxic,0.01,429,0.49184149184149184,-0.005868030133943069
GOOG,Asset,0.01,260,0.47692307692307695,-0.0009090470947640127
GRAB,Asset,0.01,308,0.6071428571428571,0.005727241521118009
HIMS,Asset,0.01,367,0.55858310626703,0.0017748369849948833
HOOD,Asset,0.01,282,0.5177304964539007,0.00011226112001731979
IBM,Asset,0.01,144,0.4375,-0.002114509203250625
IONQ,Asset,0.01,415,0.5855421686746988,0.004830649062045657
IREN,Asset,0.01,401,0.5286783042394015,0.001280580164820972
KOSS,Toxic,0.01,751,0.6418109187749668,0.010066303336786195
KTOS,Asset,0.01,463,0.5140388768898488,0.0010592551135139834
LCID,Toxic,0.01,347,0.5446685878962536,0.0026692819711424793
LEU,Asset,0.01,835,0.615568862275449,0.008782031045875712
LRCX,Asset,0.01,552,0.4384057971014493,-0.0020844121240909093
LTBR,Asset,0.01,1012,0.6284584980237155,0.013692157446859702
LUMN,Asset,0.01,327,0.44954128440366975,-0.004181601158304965
MARA,Toxic,0.01,1029,0.6025267249757046,0.007849109417318067
MCD,Asset,0.01,99,0.5050505050505051,0.00013714723352986903
MGK,Asset,0.01,185,0.41621621621621624,-0.0007846235330731555
MP,Asset,0.01,410,0.5414634146341464,0.003038315795032284
MRVL,Asset,0.01,601,0.49750415973377704,0.00056934742916046
MSFT,Asset,0.01,264,0.4393939393939394,-0.0012685257456616257
MU,Asset,0.01,706,0.4631728045325779,-0.0015944493867038727
NET,Asset,0.01,394,0.5177664974619289,0.0004786571585671884
NLR,Asset,0.01,278,0.5215827338129496,0.0016595474364155636
NVDA,Asset,0.01,646,0.4458204334365325,-0.0017261079549991398
NVO,Asset,0.01,548,0.4981751824817518,4.437352771191393e-06
NVTS,Asset,0.01,336,0.5416666666666666,-0.0020014861623543047
OKLO,Asset,0.01,187,0.5347593582887701,-0.004266224591991339
ON,Asset,0.01,568,0.4894366197183099,-0.0013121584493987312
ONDS,Asset,0.01,420,0.5833333333333334,0.008288264647767196
OPEN,Toxic,0.01,473,0.5602536997885835,0.0033877909822006115
ORCL,Asset,0.01,232,0.5086206896551724,0.0012521766475526706
OSCR,Asset,0.01,265,0.4867924528301887,-0.000746001868396348
PANW,Asset,0.01,355,0.48169014084507045,-0.0012711309622430193
PLTR,Asset,0.01,346,0.5375722543352601,0.0010851227104656507
POWI,Asset,0.01,423,0.47754137115839246,-0.002133043933189624
PSNY,Toxic,0.01,279,0.5698924731182796,0.00935568953244097
PTON,Toxic,0.01,359,0.479108635097493,-0.0011926608638850099
QBTS,Asset,0.01,411,0.6301703163017032,0.008545531350325493
QCOM,Asset,0.01,395,0.4708860759493671,-0.0009129351622153723
REAL,Toxic,0.01,444,0.5180180180180181,0.0004105549831525908
REMX,Asset,0.01,618,0.40129449838187703,-0.0026837129278507567
RENT,Toxic,0.01,289,0.5674740484429066,0.009557619754894369
RIOT,Toxic,0.01,905,0.5712707182320442,0.00327930345324591
RXRX,Asset,0.01,353,0.5127478753541076,0.001609441698418786
SHOP,Asset,0.01,576,0.4895833333333333,-0.0004830939661105174
SIVR,Asset,0.01,514,0.4961089494163424,3.16960190615439e-05
SMR,Asset,0.01,329,0.5957446808510638,0.007952958544271527
SOFI,Asset,0.01,368,0.5163043478260869,0.003401109914399758
SOUN,Asset,0.01,338,0.5769230769230769,0.006434123859900778
SPOT,Asset,0.01,361,0.49584487534626037,0.0009304662125354476
STX,Asset,0.01,387,0.4806201550387597,0.0003422064135172958
TMDX,Asset,0.01,340,0.5411764705882353,0.0021417640351105325
TSLA,Asset,0.01,675,0.5185185185185185,-0.000622404383978824
TSM,Asset,0.01,564,0.4858156028368794,-0.0001386153459388342
TTD,Asset,0.01,499,0.5070140280561122,-0.002189694997016868
U,Asset,0.01,353,0.5325779036827195,0.001522563002712387
UAMY,Asset,0.01,894,0.5782997762863534,0.018071362078996126
UBER,Asset,0.01,320,0.509375,-0.0004865308156983346
UNH,Asset,0.01,170,0.5294117647058824,-0.00043890905757246337
UPST,Toxic,0.01,401,0.4937655860349127,-0.004005342608077524
UUUU,Asset,0.01,824,0.5800970873786407,0.005322962886451922
V,Asset,0.01,194,0.42783505154639173,-0.001136894143713256
VOO,Asset,0.01,123,0.37398373983739835,-0.0005270116182047334
VST,Asset,0.01,255,0.47843137254901963,-0.00176662881577032
WWR,Asset,0.01,918,0.6525054466230937,0.014705060932084145
ABAT,Asset,0.015,780,0.6333333333333333,0.01593849225196206
ABNB,Asset,0.015,119,0.4957983193277311,0.003300702727814031
ACHR,Asset,0.015,268,0.5410447761194029,0.0013700771739425716
ADBE,Asset,0.015,157,0.5095541401273885,0.0013914123538939767
AFRM,Toxic,0.015,259,0.5057915057915058,-0.004102064472074343
AMC,Toxic,0.015,348,0.5919540229885057,0.004288221625722651
AMD,Asset,0.015,442,0.48868778280542985,-0.0021560669499361505
AMZN,Asset,0.015,182,0.4835164835164835,-0.00017351041030524083
ANET,Asset,0.015,213,0.43661971830985913,-0.002314323454324801
APP,Asset,0.015,209,0.507177033492823,0.0014672596967445133
BB,Toxic,0.015,223,0.484304932735426,-0.0003837772526366221
BBBY,Toxic,0.015,403,0.5409429280397022,0.00027292402453152597
BE,Asset,0.015,426,0.5375586854460094,-0.001460011454474507
BIRD,Toxic,0.015,243,0.6502057613168725,0.010218521699650313
BRK-B,Asset,0.015,50,0.46,-0.0013892051895896477
BROS,Asset,0.015,125,0.52,-0.0008316099704725262
BYND,Toxic,0.015,251,0.5537848605577689,0.005941428974040494
BZFD,Toxic,0.015,171,0.631578947368421,0.014551499438703269
CCJ,Asset,0.015,255,0.5450980392156862,0.00035917444483408355
CEG,Asset,0.015,95,0.5368421052631579,0.0008492943364073665
CELH,Asset,0.015,385,0.5428571428571428,0.0032330824325130726
CIFR,Asset,0.015,377,0.5517241379310345,0.004946031907062349
CLOV,Toxic,0.015,245,0.5265306122448979,0.003559448444864335
CRWD,Asset,0.015,228,0.5219298245614035,0.0012399346148297403
CVNA,Toxic,0.015,325,0.5230769230769231,-0.002511955180794377
DDOG,Asset,0.015,220,0.5363636363636364,4.607816962504245e-05
DNA,Toxic,0.015,256,0.56640625,0.007913242454000916
DOCN,Asset,0.015,192,0.5,0.0011045387730727943
DUOL,Asset,0.015,132,0.5,-0.0015727101476925652
EOSE,Asset,0.015,319,0.5454545454545454,-0.0023094725102476795
FI,Asset,0.015,81,0.4691358024691358,-0.0014239800172629674
FUBO,Asset,0.015,371,0.5283018867924528,0.0058822386439282255
GLD,Asset,0.015,50,0.38,-0.0007048881982087117
GLW,Asset,0.015,130,0.4,-0.0033597728841632773
GME,Toxic,0.015,276,0.5072463768115942,-0.007783369314990888
GOOG,Asset,0.015,136,0.5147058823529411,-0.0003989293038093853
GRAB,Asset,0.015,203,0.6206896551724138,0.006932223926536183
HIMS,Asset,0.015,248,0.5725806451612904,0.004924070469614275
HOOD,Asset,0.015,204,0.49019607843137253,-0.0009573859598231289
IBM,Asset,0.015,69,0.42028985507246375,-0.002481116599055639
IONQ,Asset,0.015,322,0.6055900621118012,0.00666733408162137
IREN,Asset,0.015,339,0.5457227138643068,0.002523935400331988
KOSS,Toxic,0.015,572,0.6695804195804196,0.011789146113280798
KTOS,Asset,0.015,263,0.532319391634981,0.0014503590157322942
LCID,Toxic,0.015,237,0.5569620253164557,0.0023509251024291487
LEU,Asset,0.015,605,0.6297520661157024,0.009912044851911475
LRCX,Asset,0.015,328,0.43902439024390244,-0.0025243411773072403
LTBR,Asset,0.015,766,0.6475195822454308,0.015744413364203486
LUMN,Asset,0.015,203,0.4482758620689655,-0.006315502790619308
MARA,Toxic,0.015,860,0.5965116279069768,0.007156962893416317
MCD,Asset,0.015,46,0.45652173913043476,-0.0014983725591244767
MGK,Asset,0.015,70,0.38571428571428573,-0.0018041304107539937
MP,Asset,0.015,301,0.5348837209302325,0.0029359696814741263
MRVL,Asset,0.015,380,0.49736842105263157,9.54878558536737e-05
MSFT,Asset,0.015,121,0.4628099173553719,-0.0008089070380367479
MU,Asset,0.015,426,0.45539906103286387,-0.0012600495178438926
NET,Asset,0.015,255,0.5098039215686274,0.000895791475985372
NLR,Asset,0.015,115,0.5130434782608696,0.0017768245412558726
NVDA,Asset,0.015,382,0.4424083769633508,-0.002011425689852461
NVO,Asset,0.015,336,0.5178571428571429,0.0003524967184410219
NVTS,Asset,0.015,259,0.5405405405405406,-0.001020706705097184
OKLO,Asset,0.015,153,0.5686274509803921,-0.0013144064493420134
ON,Asset,0.015,353,0.4702549575070821,-0.00296836350013995
ONDS,Asset,0.015,325,0.5753846153846154,0.008506738567271415
OPEN,Toxic,0.015,364,0.5686813186813187,0.006646607002084195
ORCL,Asset,0.015,108,0.5648148148148148,0.0030262567527696315
OSCR,Asset,0.015,157,0.47770700636942676,0.0013752053138363922
PANW,Asset,0.015,193,0.47150259067357514,-0.0010708592637691864
PLTR,Asset,0.015,230,0.5521739130434783,0.0012968657131180977
POWI,Asset,0.015,218,0.46788990825688076,-0.003482856332205333
PSNY,Toxic,0.015,209,0.569377990430622,0.008646728578744418
PTON,Toxic,0.015,251,0.4581673306772908,-0.0024700235626082343
QBTS,Asset,0.015,341,0.624633431085044,0.006360155809361644
QCOM,Asset,0.015,207,0.5024154589371981,7.716081887327987e-05
REAL,Toxic,0.015,336,0.5,-0.0005523845342475037
REMX,Asset,0.015,374,0.37433155080213903,-0.003228493666383633
RENT,Toxic,0.015,230,0.5652173913043478,0.008435039095996992
RIOT,Toxic,0.015,754,0.5755968169761273,0.003126972764462402
RXRX,Asset,0.015,242,0.5247933884297521,0.004103570211707809
SHOP,Asset,0.015,348,0.4942528735632184,0.00016492249769290695
SIVR,Asset,0.015,280,0.48928571428571427,-4.052196222958144e-06
SMR,Asset,0.015,259,0.6061776061776062,0.008991305622123552
SOFI,Asset,0.015,244,0.5163934426229508,0.002571689701068465
SOUN,Asset,0.015,270,0.5740740740740741,0.005580062719608742
SPOT,Asset,0.015,199,0.5778894472361809,0.0036445803618165994
STX,Asset,0.015,195,0.4564102564102564,0.0003612170479371051
TMDX,Asset,0.015,213,0.5211267605633803,-0.0006695694644967773
TSLA,Asset,0.015,441,0.5260770975056689,-0.001228994584573295
TSM,Asset,0.015,339,0.5014749262536873,0.0001771209925126871
TTD,Asset,0.015,307,0.46905537459283386,-0.004400331687338925
U,Asset,0.015,258,0.5310077519379846,0.003628960215467783
UAMY,Asset,0.015,821,0.5736906211936662,0.018505479385231095
UBER,Asset,0.015,193,0.5129533678756477,-0.0015501913590740832
UNH,Asset,0.015,85,0.5294117647058824,-0.0008830492838782743
UPST,Toxic,0.015,302,0.5132450331125827,-0.0021127834416363703
UUUU,Asset,0.015,538,0.5780669144981413,0.006319941153232631
V,Asset,0.015,92,0.44565217391304346,-0.00038596090199261636
VOO,Asset,0.015,45,0.37777777777777777,-0.00024678879372590473
VST,Asset,0.015,138,0.4420289855072464,-0.0028802463836212428
WWR,Asset,0.015,742,0.6765498652291105,0.015805385936301607
ABAT,Asset,0.02,653,0.6355283307810107,0.016903355384508486
ABNB,Asset,0.02,76,0.5,0.003469796898767168
ACHR,Asset,0.02,198,0.5454545454545454,0.0012302646504145903
ADBE,Asset,0.02,87,0.5287356321839081,0.0014195781709615168
AFRM,Toxic,0.02,187,0.5133689839572193,-0.003032699246421299
AMC,Toxic,0.02,254,0.6062992125984252,0.005936579680371284
AMD,Asset,0.02,259,0.47876447876447875,-0.003317540745413983
AMZN,Asset,0.02,97,0.4845360824742268,0.0011379195249036
ANET,Asset,0.02,137,0.4233576642335766,-0.0032454937521932043
APP,Asset,0.02,140,0.4928571428571429,0.002272811471105591
BB,Toxic,0.02,152,0.4868421052631579,-0.0008888034637047567
BBBY,Toxic,0.02,289,0.5501730103806228,0.002819193255455448
BE,Asset,0.02,301,0.5149501661129569,-0.003626508652184742
BIRD,Toxic,0.02,156,0.6538461538461539,0.011143453894824597
BRK-B,Asset,0.02,33,0.42424242424242425,-0.0022650660875674737
BROS,Asset,0.02,73,0.4931506849315068,-0.0021974665201542082
BYND,Toxic,0.02,190,0.5842105263157895,0.007303639986004299
BZFD,Toxic,0.02,126,0.6428571428571429,0.01779602369783888
CCJ,Asset,0.02,148,0.5608108108108109,-9.252850682178226e-05
CEG,Asset,0.02,58,0.5172413793103449,-0.000955900981452618
CELH,Asset,0.02,254,0.5275590551181102,0.0034105758370415423
CIFR,Asset,0.02,318,0.559748427672956,0.004679574778885707
CLOV,Toxic,0.02,165,0.5636363636363636,0.0091367602567886
CRWD,Asset,0.02,151,0.5364238410596026,0.00033678413621023647
CVNA,Toxic,0.02,236,0.5211864406779662,-0.0022285378243300895
DDOG,Asset,0.02,144,0.5347222222222222,0.0021457390608033986
DNA,Toxic,0.02,190,0.6,0.01157871650807417
DOCN,Asset,0.02,120,0.4666666666666667,-0.0015719892479888781
DUOL,Asset,0.02,79,0.5063291139240507,-0.0007143980637266314
EOSE,Asset,0.02,242,0.5661157024793388,-0.0012297643230237052
FI,Asset,0.02,44,0.4318181818181818,-0.0027014824385866863
FUBO,Asset,0.02,282,0.5283687943262412,0.009720303336593626
GLD,Asset,0.02,22,0.2727272727272727,-0.0012252185969636434
GLW,Asset,0.02,76,0.47368421052631576,-0.0009447320359377046
GME,Toxic,0.02,191,0.49214659685863876,-0.006590535788820715
GOOG,Asset,0.02,74,0.527027027027027,0.000472574633281212
GRAB,Asset,0.02,130,0.6384615384615384,0.008285966342263569
HIMS,Asset,0.02,171,0.5672514619883041,0.006336547477867946
HOOD,Asset,0.02,140,0.5071428571428571,0.0017019374321574528
IBM,Asset,0.02,48,0.3958333333333333,-0.0023377985578672965
IONQ,Asset,0.02,228,0.6052631578947368,0.00578691466686818
IREN,Asset,0.02,279,0.5555555555555556,0.003780448354145964
KOSS,Toxic,0.02,440,0.7,0.015411492891048876
KTOS,Asset,0.02,171,0.5497076023391813,0.0020838233571725444
LCID,Toxic,0.02,168,0.5714285714285714,0.002193488809081116
LEU,Asset,0.02,455,0.6505494505494506,0.010365022437782902
LRCX,Asset,0.02,192,0.4427083333333333,-0.002935598065556704
LTBR,Asset,0.02,544,0.6691176470588235,0.016741236135252018
LUMN,Asset,0.02,127,0.5118110236220472,-5.0232891834941755e-05
MARA,Toxic,0.02,721,0.6019417475728155,0.008025174246368668
MCD,Asset,0.02,30,0.4666666666666667,-0.0015001420564649134
MGK,Asset,0.02,39,0.48717948717948717,0.0013585382795913848
MP,Asset,0.02,219,0.5662100456621004,0.00515373316704744
MRVL,Asset,0.02,248,0.5080645161290323,0.0021642387912549263
MSFT,Asset,0.02,71,0.5211267605633803,-0.00037242538422552267
MU,Asset,0.02,270,0.46296296296296297,-0.0023474476925904506
NET,Asset,0.02,166,0.5240963855421686,0.0033906873169449897
NLR,Asset,0.02,48,0.5625,0.004887813561723099
NVDA,Asset,0.02,234,0.4444444444444444,-0.0020100855724386516
NVO,Asset,0.02,197,0.5279187817258884,0.0007809978154341302
NVTS,Asset,0.02,192,0.546875,-0.0016295679027190635
OKLO,Asset,0.02,121,0.5785123966942148,0.000298785028371824
ON,Asset,0.02,214,0.48130841121495327,-0.004559631407144839
ONDS,Asset,0.02,251,0.5936254980079682,0.0115172688336539
OPEN,Toxic,0.02,284,0.5704225352112676,0.005899141759565291
ORCL,Asset,0.02,73,0.6027397260273972,0.005062010008828944
OSCR,Asset,0.02,105,0.4666666666666667,0.0007693901533992858
PANW,Asset,0.02,124,0.5,-0.00021378115903741206
PLTR,Asset,0.02,170,0.5647058823529412,0.0020544704683603103
POWI,Asset,0.02,113,0.48672566371681414,-0.0033426335725028904
PSNY,Toxic,0.02,135,0.5703703703703704,0.008505288369466818
PTON,Toxic,0.02,170,0.4647058823529412,-0.0014111788348244406
QBTS,Asset,0.02,269,0.6245353159851301,0.007792416473616153
QCOM,Asset,0.02,120,0.5083333333333333,-9.569443685915266e-05
REAL,Toxic,0.02,234,0.5042735042735043,-0.0001070143795045809
REMX,Asset,0.02,221,0.34841628959276016,-0.00427468035135746
RENT,Toxic,0.02,168,0.5714285714285714,0.008625936771237918
RIOT,Toxic,0.02,624,0.5737179487179487,0.0034105917812957487
RXRX,Asset,0.02,170,0.5235294117647059,0.0026503177908975095
SHOP,Asset,0.02,214,0.5373831775700935,0.0027238859353784024
SIVR,Asset,0.02,155,0.4645161290322581,-0.0006165078023276864
SMR,Asset,0.02,194,0.5927835051546392,0.007772004151382841
SOFI,Asset,0.02,174,0.5459770114942529,0.0035568611098304136
SOUN,Asset,0.02,212,0.5943396226415094,0.00923647954023886
SPOT,Asset,0.02,125,0.552,0.0028082783598884758
STX,Asset,0.02,109,0.46788990825688076,0.0025515658410775444
TMDX,Asset,0.02,133,0.5488721804511278,0.001150348450628811
TSLA,Asset,0.02,296,0.5304054054054054,2.192916328584362e-05
TSM,Asset,0.02,205,0.5121951219512195,0.0014240845781721522
TTD,Asset,0.02,207,0.45893719806763283,-0.007500175129790739
U,Asset,0.02,178,0.5224719101123596,0.005735836539516344
UAMY,Asset,0.02,739,0.5886332882273342,0.020765047751184706
UBER,Asset,0.02,130,0.47692307692307695,-0.0031783622712942797
UNH,Asset,0.02,55,0.5272727272727272,-0.0007817287954169662
UPST,Toxic,0.02,223,0.49327354260089684,-0.0036331225427686234
UUUU,Asset,0.02,358,0.5754189944134078,0.006859663660789854
V,Asset,0.02,48,0.4375,-0.0023833701861183066
VOO,Asset,0.02,23,0.43478260869565216,0.0007755441268296713
VST,Asset,0.02,95,0.45263157894736844,-0.0030363975975045733
WWR,Asset,0.02,552,0.6956521739130435,0.01620524481863165
ABAT,Asset,0.025,538,0.6449814126394052,0.019391117045087888
ABNB,Asset,0.025,49,0.4897959183673469,0.0004802198990350222
ACHR,Asset,0.025,145,0.5448275862068965,-0.0013435362212574963
ADBE,Asset,0.025,56,0.5714285714285714,0.0023092684533572794
AFRM,Toxic,0.025,149,0.5100671140939598,-0.004355533061224522
AMC,Toxic,0.025,198,0.5959595959595959,0.0026089235814942425
AMD,Asset,0.025,185,0.4972972972972973,-0.002294655949092025
AMZN,Asset,0.025,58,0.5517241379310345,0.004820375551424069
ANET,Asset,0.025,82,0.4146341463414634,-0.00302953742648631
APP,Asset,0.025,98,0.5204081632653061,0.006389890787752157
BB,Toxic,0.025,104,0.5288461538461539,0.001622782242993384
BBBY,Toxic,0.025,216,0.5416666666666666,0.003648150660030505
BE,Asset,0.025,229,0.5021834061135371,-0.006220935697061749
BIRD,Toxic,0.025,112,0.6339285714285714,0.00784965070265292
BRK-B,Asset,0.025,20,0.4,-0.0020130532117418366
BROS,Asset,0.025,50,0.52,-0.0012459027691799195
BYND,Toxic,0.025,150,0.5866666666666667,0.007153620954853042
BZFD,Toxic,0.025,89,0.6741573033707865,0.020376644279905938
CCJ,Asset,0.025,92,0.5652173913043478,-0.0009207658321806142
CEG,Asset,0.025,37,0.5405405405405406,-0.002562745210742406
CELH,Asset,0.025,183,0.5573770491803278,0.005248296092605997
CIFR,Asset,0.025,260,0.5923076923076923,0.007435684946649839
CLOV,Toxic,0.025,118,0.5847457627118644,0.012559976681363053
CRWD,Asset,0.025,88,0.4772727272727273,-0.0034765818549453865
CVNA,Toxic,0.025,180,0.5444444444444444,0.0008547532551561361
DDOG,Asset,0.025,92,0.5,4.037218067881572e-05
DNA,Toxic,0.025,144,0.6319444444444444,0.011710319901228837
DOCN,Asset,0.025,80,0.45,-0.0020414086677313955
DUOL,Asset,0.025,52,0.5384615384615384,0.0009604332830157832
EOSE,Asset,0.025,191,0.5654450261780105,-0.0013080697583113437
FI,Asset,0.025,34,0.38235294117647056,-0.0037151085571700817
FUBO,Asset,0.025,212,0.5283018867924528,0.010614463707403312
GLD,Asset,0.025,6,0.3333333333333333,-0.002426601347228841
GLW,Asset,0.025,49,0.5102040816326531,-0.001434875358874379
GME,Toxic,0.025,148,0.4864864864864865,-0.00558721212357718
GOOG,Asset,0.025,54,0.5740740740740741,0.0027978160375927656
GRAB,Asset,0.025,96,0.6458333333333334,0.008878682198739801
HIMS,Asset,0.025,124,0.6048387096774194,0.009806127459340515
HOOD,Asset,0.025,108,0.5277777777777778,0.003245917261487895
IBM,Asset,0.025,29,0.3103448275862069,-0.0033108723914539923
IONQ,Asset,0.025,176,0.6136363636363636,0.0038485552819116555
IREN,Asset,0.025,230,0.5739130434782609,0.006420963977619048
KOSS,Toxic,0.025,348,0.7385057471264368,0.017726717765577316
KTOS,Asset,0.025,115,0.5217391304347826,-0.0012565731280273274
LCID,Toxic,0.025,116,0.5517241379310345,0.00031200568000706034
LEU,Asset,0.025,336,0.6636904761904762,0.011335450437425695
LRCX,Asset,0.025,134,0.417910447761194,-0.0034974249552655622
LTBR,Asset,0.025,384,0.6953125,0.021762917645309493
LUMN,Asset,0.025,86,0.5581395348837209,0.0015521725298168667
MARA,Toxic,0.025,590,0.6050847457627119,0.00854113944014564
MCD,Asset,0.025,18,0.4444444444444444,-0.001356094022895563
MGK,Asset,0.025,18,0.5,0.003964042519493439
MP,Asset,0.025,150,0.5866666666666667,0.006816171683664608
MRVL,Asset,0.025,162,0.5432098765432098,0.004514135128620706
MSFT,Asset,0.025,43,0.5116279069767442,-0.002525295453161733
MU,Asset,0.025,183,0.4644808743169399,-0.003583120408701493
NET,Asset,0.025,117,0.5299145299145299,0.001800224661803772
NLR,Asset,0.025,23,0.6086956521739131,0.006166066738125639
NVDA,Asset,0.025,151,0.45695364238410596,-0.0010716155981929792
NVO,Asset,0.025,117,0.5470085470085471,0.0016284836933628214
NVTS,Asset,0.025,154,0.5584415584415584,-0.0024935402951948944
OKLO,Asset,0.025,101,0.5247524752475248,-0.007506871459964544
ON,Asset,0.025,144,0.4652777777777778,-0.005398048317304432
ONDS,Asset,0.025,204,0.5931372549019608,0.010650943389213642
OPEN,Toxic,0.025,227,0.5506607929515418,0.0038094048589009184
ORCL,Asset,0.025,48,0.6041666666666666,0.005202636076342795
OSCR,Asset,0.025,80,0.4625,0.0009302642872568465
PANW,Asset,0.025,76,0.5263157894736842,0.000935704755583715
PLTR,Asset,0.025,116,0.5689655172413793,0.0046394289971579865
POWI,Asset,0.025,58,0.5,-0.0037513547932063055
PSNY,Toxic,0.025,89,0.5955056179775281,0.009262556830456965
PTON,Toxic,0.025,112,0.45535714285714285,-0.0031318610408661287
QBTS,Asset,0.025,232,0.6422413793103449,0.011261746626697235
QCOM,Asset,0.025,74,0.5540540540540541,0.0014634205876158418
REAL,Toxic,0.025,170,0.5235294117647059,0.000678563011295447
REMX,Asset,0.025,123,0.3252032520325203,-0.004756767595500542
RENT,Toxic,0.025,110,0.6454545454545455,0.0177559022857199
RIOT,Toxic,0.025,520,0.5634615384615385,0.0026075638207819635
RXRX,Asset,0.025,111,0.5225225225225225,0.00497586133268501
SHOP,Asset,0.025,147,0.5306122448979592,0.0029757696141646003
SIVR,Asset,0.025,87,0.5057471264367817,0.0005423442348420738
SMR,Asset,0.025,157,0.5923566878980892,0.006623338230379157
SOFI,Asset,0.025,121,0.5454545454545454,0.006892134209250755
SOUN,Asset,0.025,167,0.6167664670658682,0.013759978060107928
SPOT,Asset,0.025,83,0.5662650602409639,0.0034752742556792525
STX,Asset,0.025,71,0.5070422535211268,0.00614277255625712
TMDX,Asset,0.025,90,0.5555555555555556,0.004802166924979793
TSLA,Asset,0.025,207,0.5265700483091788,-0.0003445745968003313
TSM,Asset,0.025,131,0.5190839694656488,0.0014343058576499971
TTD,Asset,0.025,135,0.4740740740740741,-0.010249081218865573
U,Asset,0.025,126,0.5317460317460317,0.006194470568761245
UAMY,Asset,0.025,619,0.5945072697899838,0.02128608698494226
UBER,Asset,0.025,94,0.5212765957446809,-0.0017322734962634788
UNH,Asset,0.025,40,0.525,-0.0014381419451920336
UPST,Toxic,0.025,176,0.4943181818181818,-0.0039289774550721945
UUUU,Asset,0.025,238,0.5756302521008403,0.005863253727167614
V,Asset,0.025,32,0.46875,-0.0016449367002077627
VOO,Asset,0.025,15,0.5333333333333333,0.004273116245532383
VST,Asset,0.025,66,0.4696969696969697,0.0016185077400816086
WWR,Asset,0.025,425,0.7058823529411765,0.015262803357201947
ABAT,Asset,0.03,442,0.6628959276018099,0.02565252604122296
ABNB,Asset,0.03,32,0.46875,-0.002001055175539423
ACHR,Asset,0.03,116,0.5603448275862069,-0.0003107588677661039
ADBE,Asset,0.03,35,0.6285714285714286,0.003312506863727082
AFRM,Toxic,0.03,103,0.5242718446601942,-0.005655174009114316
AMC,Toxic,0.03,166,0.5783132530120482,0.001344208723357003
AMD,Asset,0.03,124,0.532258064516129,-0.0011758509951709864
AMZN,Asset,0.03,47,0.574468085106383,0.005837650469930087
ANET,Asset,0.03,63,0.4603174603174603,-0.0008213493696103966
APP,Asset,0.03,71,0.5492957746478874,0.007890743149358538
BB,Toxic,0.03,81,0.49382716049382713,-0.0002991541851177031
BBBY,Toxic,0.03,156,0.532051282051282,0.004693077523589874
BE,Asset,0.03,170,0.47058823529411764,-0.012135807849834172
BIRD,Toxic,0.03,67,0.7014925373134329,0.013929450237411486
BRK-B,Asset,0.03,12,0.4166666666666667,-0.0008189435385696787
BROS,Asset,0.03,34,0.5294117647058824,-0.0035365216022540495
BYND,Toxic,0.03,117,0.5384615384615384,0.00469885202678268
BZFD,Toxic,0.03,65,0.676923076923077,0.02221719560722889
CCJ,Asset,0.03,57,0.5087719298245614,-0.003083703721148924
CEG,Asset,0.03,29,0.6551724137931034,0.0005573491869070173
CELH,Asset,0.03,129,0.5736434108527132,0.007882891500525213
CIFR,Asset,0.03,216,0.6111111111111112,0.00887009101917264
CLOV,Toxic,0.03,85,0.5411764705882353,0.01064227783246731
CRWD,Asset,0.03,70,0.4714285714285714,-0.0019076877773072016
CVNA,Toxic,0.03,152,0.5592105263157895,0.0020191764827993406
DDOG,Asset,0.03,69,0.463768115942029,-0.003253311918018051
DNA,Toxic,0.03,108,0.6296296296296297,0.012500059242311692
DOCN,Asset,0.03,52,0.4807692307692308,0.0007529000822240895
DUOL,Asset,0.03,34,0.5,-0.005864481167926414
EOSE,Asset,0.03,151,0.5695364238410596,-0.002288269938065716
FI,Asset,0.03,19,0.47368421052631576,0.004290346019427026
FUBO,Asset,0.03,168,0.5416666666666666,0.013892954625568055
GLW,Asset,0.03,40,0.525,-0.0019084822059095032
GME,Toxic,0.03,120,0.49166666666666664,-0.004065757687026473
GOOG,Asset,0.03,45,0.5333333333333333,0.0007667694061725698
GRAB,Asset,0.03,74,0.6621621621621622,0.012206267374497322
HIMS,Asset,0.03,95,0.6210526315789474,0.013552120363818275
HOOD,Asset,0.03,79,0.5316455696202531,0.006947986485538646
IBM,Asset,0.03,22,0.36363636363636365,-0.003533776623982514
IONQ,Asset,0.03,139,0.6546762589928058,0.00814696468838987
IREN,Asset,0.03,183,0.5573770491803278,0.005004385307665419
KOSS,Toxic,0.03,270,0.737037037037037,0.018720344296170338
KTOS,Asset,0.03,82,0.5487804878048781,-0.003010216813658751
LCID,Toxic,0.03,91,0.5384615384615384,-0.00020287022514928847
LEU,Asset,0.03,269,0.6765799256505576,0.011828365632876333
LRCX,Asset,0.03,73,0.4794520547945205,-0.003545573287019939
LTBR,Asset,0.03,303,0.693069306930693,0.02007847635838951
LUMN,Asset,0.03,68,0.5735294117647058,0.003460552739366338
MARA,Toxic,0.03,500,0.608,0.008218886134523712
MCD,Asset,0.03,10,0.4,-0.006601684347983019
MGK,Asset,0.03,11,0.36363636363636365,-0.0025960467014924673
MP,Asset,0.03,106,0.6037735849056604,0.008632988293989688
MRVL,Asset,0.03,110,0.5,0.002772387803620427
MSFT,Asset,0.03,32,0.46875,-0.0069268382746527106
MU,Asset,0.03,123,0.5203252032520326,-0.00028195762711845693
NET,Asset,0.03,75,0.56,0.0015976767396984745
NLR,Asset,0.03,15,0.4666666666666667,-0.0017333139934982977
NVDA,Asset,0.03,101,0.4752475247524752,0.001093719686610227
NVO,Asset,0.03,74,0.5540540540540541,0.0015597897247687518
NVTS,Asset,0.03,113,0.5663716814159292,0.0005341200798677278
OKLO,Asset,0.03,84,0.5238095238095238,-0.006499425699321904
ON,Asset,0.03,99,0.47474747474747475,-0.005633174010021054
ONDS,Asset,0.03,159,0.5911949685534591,0.014048999950744987
OPEN,Toxic,0.03,185,0.5297297297297298,0.004543490120940675
ORCL,Asset,0.03,37,0.6756756756756757,0.009998913207390325
OSCR,Asset,0.03,63,0.4603174603174603,0.004744182405592323
PANW,Asset,0.03,54,0.5370370370370371,0.001155438050768894
PLTR,Asset,0.03,84,0.5476190476190477,0.0049832380012784176
POWI,Asset,0.03,40,0.5,-0.0051198151896659294
PSNY,Toxic,0.03,67,0.582089552238806,0.010377969604154564
PTON,Toxic,0.03,87,0.47126436781609193,-0.002319557441996971
QBTS,Asset,0.03,190,0.6578947368421053,0.014088645361790674
QCOM,Asset,0.03,48,0.625,0.0034327454904506762
REAL,Toxic,0.03,123,0.5284552845528455,0.0002693546489165878
REMX,Asset,0.03,76,0.3157894736842105,-0.005930082451041343
RENT,Toxic,0.03,77,0.6493506493506493,0.015740763796691006
RIOT,Toxic,0.03,421,0.5676959619952494,0.0024937020443661483
RXRX,Asset,0.03,85,0.4588235294117647,-0.0011054560177844667
SHOP,Asset,0.03,106,0.5,0.0003061066141568112
SIVR,Asset,0.03,49,0.4489795918367347,-0.0007692594168295639
SMR,Asset,0.03,122,0.5737704918032787,0.006063632339513206
SOFI,Asset,0.03,86,0.5348837209302325,0.008580558078232553
SOUN,Asset,0.03,127,0.6299212598425197,0.017479799050150485
SPOT,Asset,0.03,62,0.5645161290322581,0.0034769741561749756
STX,Asset,0.03,48,0.4375,0.0013248590646748163
TMDX,Asset,0.03,66,0.5606060606060606,0.004945242171919039
TSLA,Asset,0.03,149,0.5704697986577181,0.0013758560668372674
TSM,Asset,0.03,80,0.5125,0.0005640910654940483
TTD,Asset,0.03,94,0.4574468085106383,-0.01219304848730979
U,Asset,0.03,87,0.4942528735632184,0.0014153935190600437
UAMY,Asset,0.03,525,0.5961904761904762,0.021575197113890932
UBER,Asset,0.03,78,0.5128205128205128,-0.002357605702568057
UNH,Asset,0.03,32,0.53125,-0.0011548686975474472
UPST,Toxic,0.03,122,0.5081967213114754,-0.001845306194075727
UUUU,Asset,0.03,170,0.5470588235294118,0.005333359652916992
V,Asset,0.03,23,0.43478260869565216,-0.00264744562795025
VOO,Asset,0.03,10,0.4,0.002531912945083945
VST,Asset,0.03,46,0.5217391304347826,0.0016330290896656695
WWR,Asset,0.03,327,0.7186544342507645,0.019967177538983184
