Ticker,Pool,Threshold,Events,Win Rate,Avg Return,Avg Intraday DD
UAMY,Asset,-0.005,892,0.5414798206278026,0.020882761839847414,-0.03525772372116259
ABAT,Asset,-0.005,657,0.4946727549467275,0.011242843545803924,-0.04801874924841224
KOSS,Toxic,-0.005,1002,0.5359281437125748,0.008394853736450736,-0.02507192871832497
CELH,Asset,-0.005,821,0.53836784409257,0.008195956938536557,-0.027481152746460603
TMDX,Asset,-0.005,451,0.5521064301552107,0.006430559011638331,-0.03004773889137916
ONDS,Asset,-0.005,448,0.4955357142857143,0.006344993635530954,-0.04448253136160104
UPST,Toxic,-0.005,478,0.48326359832635984,0.006125175319832879,-0.038999724768495225
FUBO,Asset,-0.005,633,0.4660347551342812,0.005616377181247734,-0.03757563281954702
PLTR,Asset,-0.005,441,0.5419501133786848,0.00530147907513128,-0.026431009314218393
IREN,Asset,-0.005,390,0.49743589743589745,0.00519074483834245,-0.04780420015166899
CVNA,Toxic,-0.005,731,0.5253077975376197,0.00451023794913681,-0.03799139917493393
MARA,Toxic,-0.005,1062,0.4962335216572505,0.004435833251279695,-0.04257630879928
OKLO,Asset,-0.005,187,0.5668449197860963,0.0043682473880449465,-0.03870968106507251
LEU,Asset,-0.005,833,0.5258103241296519,0.004290208719438503,-0.03183554185407451
LTBR,Asset,-0.005,722,0.48614958448753465,0.00396835955882479,-0.0381350097876114
IONQ,Asset,-0.005,389,0.5089974293059126,0.003779486358516113,-0.03617026585947301
SMR,Asset,-0.005,247,0.4979757085020243,0.003492704819069908,-0.042601749668619654
CRWD,Asset,-0.005,463,0.5485961123110151,0.003103261052289941,-0.023734592869741764
NET,Asset,-0.005,515,0.541747572815534,0.0029999334734618207,-0.02811240630581195
SHOP,Asset,-0.005,738,0.5149051490514905,0.002969969307844869,-0.02434070444545872
GME,Toxic,-0.005,760,0.48026315789473684,0.0028651757439891773,-0.03255989728391544
BZFD,Toxic,-0.005,440,0.5113636363636364,0.0028576661606104885,-0.03461088781134678
SPOT,Asset,-0.005,577,0.5320623916811091,0.0027687621753284515,-0.02032735055229031
HIMS,Asset,-0.005,460,0.5130434782608696,0.0027372702342360468,-0.0309547674460412
EOSE,Asset,-0.005,428,0.4766355140186916,0.0027005383388655243,-0.0504081584755924
REAL,Toxic,-0.005,567,0.48324514991181655,0.002554585834138979,-0.0390206190007676
BROS,Asset,-0.005,314,0.5382165605095541,0.0025110960817230654,-0.02643012362635527
PANW,Asset,-0.005,596,0.5503355704697986,0.0024791485565065527,-0.01624626068107367
RENT,Toxic,-0.005,357,0.46218487394957986,0.0022351659306735707,-0.04732695689654678
SNOW,Asset,-0.005,443,0.5191873589164786,0.0021478918755433573,-0.023697017970505017
SOUN,Asset,-0.005,316,0.4208860759493671,0.0021205735816341273,-0.049204303043062406
ABNB,Asset,-0.005,389,0.5372750642673522,0.002070918092511222,-0.019051301232827222
UBER,Asset,-0.005,471,0.5286624203821656,0.001966966527849951,-0.021041452211525206
DDOG,Asset,-0.005,469,0.5330490405117271,0.0019522316987658631,-0.024308330556606302
DOCN,Asset,-0.005,407,0.5085995085995086,0.0018526826235429408,-0.026161771189620563
TTD,Asset,-0.005,657,0.5220700152207002,0.001836485439306523,-0.02531095589687286
CIFR,Asset,-0.005,423,0.491725768321513,0.001779162959668427,-0.04867983114333158
CEG,Asset,-0.005,219,0.5205479452054794,0.0017509755684203484,-0.02075472942269813
HOOD,Asset,-0.005,411,0.5085158150851582,0.0017315187484733762,-0.029348276361193238
RIOT,Toxic,-0.005,953,0.4910807974816369,0.0017174593493527906,-0.040610144692765984
NVDA,Asset,-0.005,756,0.5264550264550265,0.0016713273966424272,-0.018922275241821447
V,Asset,-0.005,456,0.5460526315789473,0.0016542786728429612,-0.010964671214390091
TSLA,Asset,-0.005,824,0.5315533980582524,0.0015168041427268178,-0.02196565394356158
WWR,Asset,-0.005,802,0.4376558603491272,0.0014542404797234832,-0.03735927711792144
FI,Asset,-0.005,471,0.564755838641189,0.0013216182820663268,-0.012336013439226936
BND,Asset,-0.005,56,0.42857142857142855,0.0012616168799419905,-0.0045629211187155445
BE,Asset,-0.005,641,0.49765990639625585,0.0012300851421576324,-0.03599902842786888
APP,Asset,-0.005,394,0.5253807106598984,0.0012117407854382633,-0.029356587482628524
SOFI,Asset,-0.005,415,0.4963855421686747,0.0011942823539581751,-0.02871791123573227
BB,Toxic,-0.005,738,0.46612466124661245,0.0010289320105035115,-0.020978599265836954
AMZN,Asset,-0.005,542,0.5129151291512916,0.0009887454810698353,-0.014524479570330096
AMD,Asset,-0.005,799,0.5118898623279099,0.0008983215075357559,-0.0219818007314376
GRAB,Asset,-0.005,380,0.5394736842105263,0.0008808297679013424,-0.027387054968979953
MCD,Asset,-0.005,303,0.5412541254125413,0.0008727960699225716,-0.010296710826752946
NVO,Asset,-0.005,876,0.5182648401826484,0.0008486457566661507,-0.008306043511249367
ADBE,Asset,-0.005,573,0.5584642233856894,0.0008323423163023158,-0.014409266139071772
GOOG,Asset,-0.005,569,0.5254833040421792,0.0008242465725131086,-0.01118378944685182
VST,Asset,-0.005,394,0.5025380710659898,0.0008153172749295165,-0.020184756132677884
BBBY,Toxic,-0.005,832,0.5132211538461539,0.0007177984521263361,-0.03360894161017301
KTOS,Asset,-0.005,600,0.5016666666666667,0.0007073487393608704,-0.02327283195979083
ANET,Asset,-0.005,650,0.5338461538461539,0.0006862076671619413,-0.017998405625826667
MRVL,Asset,-0.005,790,0.5063291139240507,0.0006002278377440415,-0.01894282507255416
BRK-B,Asset,-0.005,305,0.5311475409836065,0.0005756103136764764,-0.00965132863251655
ORCL,Asset,-0.005,549,0.5209471766848816,0.0005645231908450412,-0.012140010646355738
STX,Asset,-0.005,688,0.5247093023255814,0.00041785548456285367,-0.017999027198183446
POWI,Asset,-0.005,753,0.5166002656042497,0.0003868190944186174,-0.01694776871487635
MSFT,Asset,-0.005,523,0.5296367112810707,0.00038632424283797093,-0.011507075597272355
UNH,Asset,-0.005,407,0.5331695331695332,0.0003700337811968205,-0.0133603063986477
DUOL,Asset,-0.005,324,0.5123456790123457,0.0003615869336210484,-0.028820907932978507
MGK,Asset,-0.005,430,0.5255813953488372,0.000320924099034322,-0.01012573212657177
CCJ,Asset,-0.005,682,0.48533724340175954,0.0002751829847943158,-0.020049529357631907
GLW,Asset,-0.005,568,0.5105633802816901,0.0002643751841338044,-0.013217161967462355
NLR,Asset,-0.005,500,0.46,0.00025581438624574506,-0.006713477402512698
U,Asset,-0.005,486,0.49588477366255146,0.00020171852247501687,-0.030341592979997816
VOO,Asset,-0.005,347,0.5244956772334294,0.0001833835135257207,-0.008721783661956353
MU,Asset,-0.005,880,0.5113636363636364,8.658692257798445e-05,-0.0188053829348587
IBM,Asset,-0.005,377,0.47480106100795755,6.123767256937215e-05,-0.011423627728410343
LRCX,Asset,-0.005,762,0.5078740157480315,5.8523211330348554e-05,-0.01670743091491257
UUUU,Asset,-0.005,725,0.4606896551724138,-1.854630272759377e-05,-0.03012092175912481
LCID,Toxic,-0.005,410,0.4585365853658537,-0.00015364353343144406,-0.034760960873777905
TSM,Asset,-0.005,779,0.472400513478819,-0.000175074014550221,-0.011857142104052788
OSCR,Asset,-0.005,397,0.4760705289672544,-0.00019101421024307245,-0.03200214542732257
LUMN,Asset,-0.005,614,0.4788273615635179,-0.0002449071288844411,-0.02634565609326408
PTON,Toxic,-0.005,556,0.4766187050359712,-0.0002821040365499681,-0.03475708519868873
BYND,Toxic,-0.005,556,0.45863309352517984,-0.0003464436741990052,-0.033211216412379875
GLD,Asset,-0.005,465,0.44516129032258067,-0.0005043551378559464,-0.005298237417613971
SIVR,Asset,-0.005,755,0.4649006622516556,-0.0007287933517838307,-0.00925624450766371
QCOM,Asset,-0.005,673,0.537890044576523,-0.0008445704167574679,-0.01435355816513387
DNA,Toxic,-0.005,408,0.4534313725490196,-0.0009186313365993774,-0.04505383511172363
AMC,Toxic,-0.005,744,0.4543010752688172,-0.0009261978772722839,-0.03614203257924241
ON,Asset,-0.005,810,0.4641975308641975,-0.0010702333391534508,-0.019749561703359984
QBTS,Asset,-0.005,276,0.4420289855072464,-0.001130916627603122,-0.04954687128754922
CLOV,Toxic,-0.005,448,0.453125,-0.0011986644979954633,-0.033795913640679145
AFRM,Toxic,-0.005,474,0.47257383966244726,-0.0012019894734142294,-0.038960684352311266
PSNY,Toxic,-0.005,323,0.43962848297213625,-0.0012735348499567482,-0.03471589646005619
OPEN,Toxic,-0.005,501,0.45708582834331335,-0.0015272314262898953,-0.04271897738644235
RXRX,Asset,-0.005,384,0.4739583333333333,-0.001585960559914133,-0.04024406283383889
MP,Asset,-0.005,477,0.47379454926624737,-0.0016415115757964448,-0.02948060740948571
ACHR,Asset,-0.005,354,0.4265536723163842,-0.002712309534879173,-0.03612062720254079
NVTS,Asset,-0.005,362,0.4419889502762431,-0.0032381981759352315,-0.03749649967885404
REMX,Asset,-0.005,830,0.3746987951807229,-0.004246006514434172,-0.01447151050181349
BIRD,Toxic,-0.005,299,0.44481605351170567,-0.005001326902014215,-0.04087516892965524
UAMY,Asset,-0.01,867,0.5409457900807382,0.021225396576020013,-0.034943479441823334
ABAT,Asset,-0.01,514,0.5252918287937743,0.01727950179565325,-0.048846755502817876
CELH,Asset,-0.01,537,0.5865921787709497,0.011875091636452315,-0.028335349257582392
TMDX,Asset,-0.01,293,0.5733788395904437,0.010865059818516633,-0.031021569459631637
KOSS,Toxic,-0.01,770,0.5506493506493506,0.009717196447358377,-0.025808899584697606
UPST,Toxic,-0.01,379,0.5092348284960422,0.008020082924581185,-0.03946362814854632
ONDS,Asset,-0.01,349,0.49570200573065903,0.00799085198173855,-0.04487407227892501
IREN,Asset,-0.01,314,0.5031847133757962,0.007436699806214194,-0.0471507515440221
FUBO,Asset,-0.01,469,0.4605543710021322,0.007092127970804573,-0.03883395348609406
OKLO,Asset,-0.01,118,0.5423728813559322,0.007022969787055753,-0.047475411770016684
BND,Asset,-0.01,11,0.6363636363636364,0.006784948603889631,-0.012529246501899292
LEU,Asset,-0.01,554,0.5577617328519856,0.006297426761935209,-0.032804951177202786
CEG,Asset,-0.01,119,0.5462184873949579,0.00628863292713563,-0.020986736764441738
EOSE,Asset,-0.01,321,0.5046728971962616,0.006048345841132682,-0.05194881379852283
MARA,Toxic,-0.01,876,0.5045662100456622,0.005752706675058108,-0.042860935731220094
LTBR,Asset,-0.01,529,0.504725897920605,0.005599089352482275,-0.03940824591610546
BZFD,Toxic,-0.01,314,0.5509554140127388,0.005594147965228818,-0.03565179067276714
PLTR,Asset,-0.01,306,0.5555555555555556,0.005585590850244855,-0.027353125895912798
BROS,Asset,-0.01,180,0.5666666666666667,0.00495804388357507,-0.02779219394427455
SPOT,Asset,-0.01,331,0.5770392749244713,0.004904930520277235,-0.02100506630864415
WWR,Asset,-0.01,637,0.45839874411302983,0.004714943394540875,-0.03719833141142676
SOUN,Asset,-0.01,251,0.4302788844621514,0.004454461684078877,-0.0490703847428566
SHOP,Asset,-0.01,465,0.5333333333333333,0.004411751372662335,-0.026369611154890005
NET,Asset,-0.01,352,0.5397727272727273,0.004307090884722404,-0.02999572630493339
RENT,Toxic,-0.01,255,0.47058823529411764,0.004265054527273741,-0.04804619270837106
HIMS,Asset,-0.01,317,0.5299684542586751,0.004024817558491346,-0.03387397703703812
SMR,Asset,-0.01,188,0.5053191489361702,0.003953839413679038,-0.04432603231647336
QBTS,Asset,-0.01,208,0.46634615384615385,0.003944485780732593,-0.04905401030496565
CVNA,Toxic,-0.01,516,0.5310077519379846,0.003742789151644786,-0.04195044587267592
CRWD,Asset,-0.01,330,0.5242424242424243,0.003739548990591064,-0.025003553092689874
VST,Asset,-0.01,172,0.5348837209302325,0.0036472498879023146,-0.025322760385358658
HOOD,Asset,-0.01,286,0.5314685314685315,0.0034844081743965805,-0.02959982484811993
REAL,Toxic,-0.01,397,0.5012594458438288,0.0034313897652549544,-0.04091749083765533
MCD,Asset,-0.01,106,0.5754716981132075,0.0030710540264942653,-0.012576749766087792
BBBY,Toxic,-0.01,524,0.5381679389312977,0.0030608012345290513,-0.03609509194889328
FI,Asset,-0.01,177,0.5932203389830508,0.0028434536314107255,-0.01488273081104124
GME,Toxic,-0.01,468,0.5106837606837606,0.002836545299390813,-0.03748080046151216
RIOT,Toxic,-0.01,769,0.5032509752925878,0.00279217824924184,-0.041659765871358834
DUOL,Asset,-0.01,208,0.5528846153846154,0.0027785023380512354,-0.02853587298052874
TTD,Asset,-0.01,419,0.5346062052505967,0.0027329271741267976,-0.027204919725021853
SNOW,Asset,-0.01,309,0.517799352750809,0.002680843521020504,-0.02495634471624982
UBER,Asset,-0.01,288,0.5173611111111112,0.0026726011737095994,-0.022535008956268265
IONQ,Asset,-0.01,297,0.4983164983164983,0.00254916542528155,-0.03787990998753006
DDOG,Asset,-0.01,314,0.5286624203821656,0.0024216308807206727,-0.025966932839051705
PANW,Asset,-0.01,321,0.5295950155763239,0.0024014262961936676,-0.018715902956128332
V,Asset,-0.01,196,0.5663265306122449,0.002199969063207545,-0.013198686716855876
AMZN,Asset,-0.01,290,0.5137931034482759,0.0021217604649719935,-0.01577965058021408
DOCN,Asset,-0.01,278,0.5,0.0020165622699560275,-0.028299478694245598
IBM,Asset,-0.01,140,0.5,0.0019159592716216057,-0.014146949071902505
UUUU,Asset,-0.01,430,0.48372093023255813,0.0017925390321941194,-0.03145677930381682
GOOG,Asset,-0.01,272,0.5477941176470589,0.0017794188071726768,-0.012432249340648682
OSCR,Asset,-0.01,265,0.49433962264150944,0.0017699059833791427,-0.03266699071229121
BB,Toxic,-0.01,406,0.4630541871921182,0.001660442293044075,-0.024554263663126723
GLW,Asset,-0.01,251,0.5139442231075697,0.0016065407458535944,-0.015243058383814933
TSLA,Asset,-0.01,558,0.5304659498207885,0.001532822741371459,-0.023926881020475303
GRAB,Asset,-0.01,244,0.5655737704918032,0.0015244554240857393,-0.03113045180249431
KTOS,Asset,-0.01,304,0.5,0.0014473423500384393,-0.02700840123742294
POWI,Asset,-0.01,401,0.5386533665835411,0.0012867163156372965,-0.01828011955599468
MGK,Asset,-0.01,178,0.5280898876404494,0.0012535233284820828,-0.010828867351607088
ANET,Asset,-0.01,353,0.5410764872521246,0.001251419866219507,-0.020291191130769572
CIFR,Asset,-0.01,346,0.4797687861271676,0.0012222383713954557,-0.05033428951516068
PTON,Toxic,-0.01,379,0.49604221635883905,0.001203020589559944,-0.03483480322869277
SOFI,Asset,-0.01,299,0.5050167224080268,0.0011617629066288512,-0.030049664175469153
MRVL,Asset,-0.01,504,0.5079365079365079,0.001134890429407224,-0.020129597067779184
UNH,Asset,-0.01,167,0.5209580838323353,0.0010633799607225644,-0.016597082938340394
VOO,Asset,-0.01,132,0.5378787878787878,0.0010325319117123926,-0.010593685569521342
NVDA,Asset,-0.01,477,0.5073375262054507,0.0010051654042212146,-0.021079285096829246
NLR,Asset,-0.01,197,0.48223350253807107,0.0008602305058967392,-0.00835671341337602
MP,Asset,-0.01,313,0.4952076677316294,0.0008461645998374135,-0.029460166484327113
NVO,Asset,-0.01,515,0.5145631067961165,0.0008299728131991907,-0.009248230247756992
CLOV,Toxic,-0.01,286,0.46503496503496505,0.0007904497097153706,-0.03537423102085731
CCJ,Asset,-0.01,353,0.5014164305949008,0.0007662791999570143,-0.02274889203311667
LUMN,Asset,-0.01,320,0.48125,0.000750930610529962,-0.03151544829028897
APP,Asset,-0.01,261,0.5172413793103449,0.0007431944137857451,-0.031731417587765515
LCID,Toxic,-0.01,310,0.4612903225806452,0.0006510104903107063,-0.03594959774323722
BE,Asset,-0.01,463,0.49676025917926564,0.0006504081085941947,-0.038692325373549684
ABNB,Asset,-0.01,245,0.5142857142857142,0.0005391024426188513,-0.021600494371134996
STX,Asset,-0.01,353,0.5212464589235127,0.00048442782560889196,-0.020628908592238298
RXRX,Asset,-0.01,289,0.48788927335640137,0.0004430830196315675,-0.039357018329093545
BRK-B,Asset,-0.01,104,0.5480769230769231,0.00034988748685423055,-0.012515287774468108
MU,Asset,-0.01,558,0.521505376344086,0.000322058585530608,-0.02034333964453756
AMD,Asset,-0.01,538,0.5055762081784386,0.00026645865758689923,-0.023620238943019112
TSM,Asset,-0.01,430,0.47674418604651164,0.0001897867735607353,-0.01246536942737735
U,Asset,-0.01,351,0.5042735042735043,0.00018175679397626238,-0.03146788676321004
ORCL,Asset,-0.01,239,0.5062761506276151,0.00010707190553769524,-0.015378256955366884
BYND,Toxic,-0.01,380,0.4631578947368421,6.912372429762235e-05,-0.034235067206081445
MSFT,Asset,-0.01,228,0.49122807017543857,6.0404571776140825e-05,-0.013651841668777726
ADBE,Asset,-0.01,285,0.5017543859649123,-7.317451056234837e-05,-0.01713977295805516
AFRM,Toxic,-0.01,364,0.489010989010989,-0.0001569968600847355,-0.03971208466811116
ON,Asset,-0.01,532,0.4642857142857143,-0.0003049311747739598,-0.020559789548242675
LRCX,Asset,-0.01,480,0.4979166666666667,-0.000436531521281625,-0.018259224240689396
AMC,Toxic,-0.01,474,0.4641350210970464,-0.0006531055250765991,-0.04162814150305413
ACHR,Asset,-0.01,247,0.4291497975708502,-0.0006972209755660006,-0.03607989315700067
GLD,Asset,-0.01,164,0.45121951219512196,-0.0007445561682211694,-0.005975166079291765
OPEN,Toxic,-0.01,400,0.47,-0.0009368584417348688,-0.04331173782651139
QCOM,Asset,-0.01,365,0.5397260273972603,-0.0012487087903097537,-0.01644493047564186
SIVR,Asset,-0.01,385,0.4597402597402597,-0.0012977792156543407,-0.011275932530133663
NVTS,Asset,-0.01,261,0.4329501915708812,-0.0024754642645637664,-0.03811499499592168
PSNY,Toxic,-0.01,201,0.4129353233830846,-0.004473107980040005,-0.03991904080948434
REMX,Asset,-0.01,491,0.37067209775967414,-0.004755901459185371,-0.015885183927154007
DNA,Toxic,-0.01,300,0.42,-0.005327346544018369,-0.047632991788902485
BIRD,Toxic,-0.01,188,0.46808510638297873,-0.006046131316097961,-0.04373545564195398
UAMY,Asset,-0.015,777,0.5495495495495496,0.023802201492840767,-0.03479765675091583
ABAT,Asset,-0.015,433,0.5427251732101617,0.021512490861264895,-0.04944447373359412
CELH,Asset,-0.015,363,0.6225895316804407,0.015807276997260502,-0.02732254763983196
TMDX,Asset,-0.015,177,0.5932203389830508,0.014579992962081373,-0.034235072034179005
CEG,Asset,-0.015,69,0.6376811594202898,0.010700742283211327,-0.02201473556491687
IREN,Asset,-0.015,244,0.5204918032786885,0.010077052739015074,-0.04721015474574313
ONDS,Asset,-0.015,274,0.5,0.009938439563566348,-0.04454633275277135
KOSS,Toxic,-0.015,558,0.5716845878136201,0.009871272395615607,-0.027387163310202346
OKLO,Asset,-0.015,92,0.5760869565217391,0.009736079339308326,-0.04974746121587504
SOUN,Asset,-0.015,199,0.46733668341708545,0.009733040966313262,-0.04809669024021542
UPST,Toxic,-0.015,300,0.5233333333333333,0.009361082771223389,-0.03971880859732044
LTBR,Asset,-0.015,366,0.5300546448087432,0.009360242983424586,-0.038187166919208496
FUBO,Asset,-0.015,380,0.4789473684210526,0.00917215196889252,-0.038761574375945726
LEU,Asset,-0.015,391,0.59846547314578,0.008496707755164293,-0.034903276812524635
EOSE,Asset,-0.015,250,0.512,0.008442865950524283,-0.05288734621721752
CVNA,Toxic,-0.015,358,0.5642458100558659,0.007838049240947435,-0.043575978545415554
RENT,Toxic,-0.015,175,0.5028571428571429,0.007709207568248248,-0.047367817777524954
PLTR,Asset,-0.015,217,0.5852534562211982,0.007047016438812056,-0.028086334358924422
SMR,Asset,-0.015,141,0.5106382978723404,0.006954029038251083,-0.044706879546066204
BROS,Asset,-0.015,129,0.5813953488372093,0.00673856030367679,-0.030280529863035366
WWR,Asset,-0.015,470,0.46808510638297873,0.006521584598963426,-0.03871153462442687
LCID,Toxic,-0.015,211,0.5071090047393365,0.006371347383381974,-0.03428228329186906
BBBY,Toxic,-0.015,365,0.5698630136986301,0.006206517462831677,-0.037176270568327646
MARA,Toxic,-0.015,709,0.5133991537376587,0.006176848984667471,-0.044612292601126105
NET,Asset,-0.015,245,0.563265306122449,0.006084456086240658,-0.03070617484801639
BZFD,Toxic,-0.015,235,0.5702127659574469,0.006056317866195017,-0.038651442675476655
MCD,Asset,-0.015,52,0.5961538461538461,0.005709288944177035,-0.015688793695147217
SPOT,Asset,-0.015,200,0.565,0.00569098464045094,-0.02243660218308985
VST,Asset,-0.015,102,0.5882352941176471,0.005643278824294124,-0.028262828342306152
CRWD,Asset,-0.015,212,0.5424528301886793,0.005554334938471889,-0.02616299549458868
HIMS,Asset,-0.015,208,0.5384615384615384,0.00536272497394861,-0.03581707090640436
SHOP,Asset,-0.015,315,0.5301587301587302,0.005133172412090073,-0.02825239118881047
UBER,Asset,-0.015,184,0.5706521739130435,0.004843258844838195,-0.02383764793956421
DDOG,Asset,-0.015,221,0.5565610859728507,0.004539562607732853,-0.026319589413886818
U,Asset,-0.015,237,0.540084388185654,0.004428206522305536,-0.032099286893064176
RIOT,Toxic,-0.015,626,0.5271565495207667,0.004341738313195146,-0.04231092817127967
TTD,Asset,-0.015,296,0.5472972972972973,0.004082182711380848,-0.028048717556562363
IONQ,Asset,-0.015,226,0.5265486725663717,0.004057143476840075,-0.03912044888878455
FI,Asset,-0.015,96,0.59375,0.003919336572681843,-0.01744969564902568
KTOS,Asset,-0.015,174,0.5574712643678161,0.0038662627182905664,-0.03131149416642933
DUOL,Asset,-0.015,123,0.5772357723577236,0.003807617445707478,-0.03208993294488034
AMZN,Asset,-0.015,170,0.5235294117647059,0.003717800331252928,-0.01652743394262474
GLW,Asset,-0.015,135,0.5333333333333333,0.003613726114014096,-0.017570485487621783
NLR,Asset,-0.015,79,0.569620253164557,0.0033968150889029662,-0.010677926667530323
LUMN,Asset,-0.015,203,0.49261083743842365,0.0033610209973909135,-0.0348929325122445
CIFR,Asset,-0.015,274,0.48905109489051096,0.0033580171626141605,-0.050658627184961655
DOCN,Asset,-0.015,192,0.4947916666666667,0.003347425346606052,-0.029962406780313897
PTON,Toxic,-0.015,278,0.4892086330935252,0.0033094627414241074,-0.03539736926948366
V,Asset,-0.015,97,0.5463917525773195,0.003273211881252379,-0.015105118918560385
OSCR,Asset,-0.015,166,0.5180722891566265,0.0032403920160023643,-0.034286141703898584
ACHR,Asset,-0.015,171,0.4678362573099415,0.002965373470459688,-0.03647450236136406
QBTS,Asset,-0.015,168,0.4642857142857143,0.0028515589598039847,-0.05120005345885204
ABNB,Asset,-0.015,151,0.5496688741721855,0.002746812840661474,-0.021790318309023445
PANW,Asset,-0.015,170,0.5235294117647059,0.0027356774076302977,-0.02175198919899603
REAL,Toxic,-0.015,283,0.4876325088339223,0.002479699833370836,-0.04357815402725795
GME,Toxic,-0.015,310,0.5258064516129032,0.0024617331855721794,-0.043164411050186056
HOOD,Asset,-0.015,188,0.5106382978723404,0.0024051068690876583,-0.03345194469010677
BE,Asset,-0.015,338,0.5059171597633136,0.002307718903886697,-0.04047617377214078
UUUU,Asset,-0.015,264,0.4621212121212121,0.002291908574707516,-0.03487168271346904
MGK,Asset,-0.015,94,0.5212765957446809,0.0022554787225837316,-0.012124085662848026
NVDA,Asset,-0.015,291,0.5223367697594502,0.0022385374842130135,-0.022972194962745926
GOOG,Asset,-0.015,144,0.5069444444444444,0.0019705167835486082,-0.01300391055503499
SOFI,Asset,-0.015,210,0.5190476190476191,0.001954591418607162,-0.03025671998102743
UNH,Asset,-0.015,101,0.5544554455445545,0.0019341533553879655,-0.01961285877630054
NVO,Asset,-0.015,296,0.5472972972972973,0.001710840508746031,-0.010062051864041877
SNOW,Asset,-0.015,201,0.48258706467661694,0.00164234105836474,-0.027377475270673364
POWI,Asset,-0.015,226,0.5442477876106194,0.0014787085805667264,-0.020355473277548657
CCJ,Asset,-0.015,199,0.5226130653266332,0.001447433021012787,-0.025877256414282766
GRAB,Asset,-0.015,169,0.5443786982248521,0.0014221747279922628,-0.03357544814189592
MP,Asset,-0.015,200,0.51,0.0012514240020363896,-0.03141207293043483
TSM,Asset,-0.015,254,0.4881889763779528,0.0012382278824048687,-0.013081496058071088
BB,Toxic,-0.015,236,0.4915254237288136,0.0012115723936956407,-0.028581497767566817
TSLA,Asset,-0.015,387,0.5116279069767442,0.0012064478976132288,-0.0254726674531118
RXRX,Asset,-0.015,207,0.48792270531400966,0.0011031271528739455,-0.03976763568740935
STX,Asset,-0.015,203,0.5172413793103449,0.0008556359117102449,-0.02292916378958729
ANET,Asset,-0.015,212,0.5235849056603774,0.0006930622064457977,-0.022992858507854447
MSFT,Asset,-0.015,106,0.44339622641509435,0.0006320902787335483,-0.014372309644201258
CLOV,Toxic,-0.015,205,0.4585365853658537,0.0005727402220561117,-0.03703787005207578
LRCX,Asset,-0.015,281,0.5160142348754448,0.00015271278521566145,-0.019594165544849298
VOO,Asset,-0.015,58,0.5,0.00013360856605552717,-0.013265481480725878
MRVL,Asset,-0.015,312,0.4967948717948718,0.0001092554308853474,-0.022646940378589598
MU,Asset,-0.015,366,0.5027322404371585,8.205302356680974e-05,-0.021684540787334564
AFRM,Toxic,-0.015,280,0.5035714285714286,1.351742975482874e-05,-0.040499656150631703
ORCL,Asset,-0.015,122,0.4918032786885246,-2.4472844958094993e-06,-0.018772422327582867
BYND,Toxic,-0.015,254,0.4645669291338583,-0.0002257440378681871,-0.037430100426689816
AMD,Asset,-0.015,347,0.4899135446685879,-0.00022631749845594644,-0.025840135950738002
ADBE,Asset,-0.015,160,0.4625,-0.000514475119244683,-0.019480133438984252
APP,Asset,-0.015,189,0.5026455026455027,-0.0006448676388183955,-0.034357880338723515
AMC,Toxic,-0.015,332,0.4759036144578313,-0.0009177862074696094,-0.046825111351572545
BRK-B,Asset,-0.015,54,0.5185185185185185,-0.0015716752086379722,-0.015026596921812442
SIVR,Asset,-0.015,218,0.4724770642201835,-0.001780950874181276,-0.012598469335219799
IBM,Asset,-0.015,74,0.3918918918918919,-0.0019373717142187618,-0.01823332128123095
ON,Asset,-0.015,334,0.4491017964071856,-0.002079195673894549,-0.02294848921947729
GLD,Asset,-0.015,57,0.38596491228070173,-0.00218508856476923,-0.008034804035483288
DNA,Toxic,-0.015,226,0.4424778761061947,-0.0022898206839977718,-0.047313982612490514
QCOM,Asset,-0.015,201,0.5124378109452736,-0.002603386123238585,-0.019228656016491166
NVTS,Asset,-0.015,191,0.44502617801047123,-0.002885533773189407,-0.03790301203618723
OPEN,Toxic,-0.015,299,0.4414715719063545,-0.0038335175331580484,-0.04536059309116348
PSNY,Toxic,-0.015,157,0.4267515923566879,-0.005232625687141927,-0.041324256469520315
REMX,Asset,-0.015,268,0.3358208955223881,-0.005669153461845021,-0.017882857560061843
BIRD,Toxic,-0.015,132,0.38636363636363635,-0.012780366443731971,-0.04933391847965715
ABAT,Asset,-0.02,345,0.5739130434782609,0.02665679506139871,-0.051263157041040626
TMDX,Asset,-0.02,125,0.672,0.02478715216295428,-0.0314056442641919
UAMY,Asset,-0.02,692,0.5491329479768786,0.02471845992759391,-0.034681912923192684
CELH,Asset,-0.02,258,0.6550387596899225,0.020744700526704386,-0.027378079622072535
ONDS,Asset,-0.02,206,0.5485436893203883,0.016124923797990375,-0.043237058186469175
FUBO,Asset,-0.02,287,0.5296167247386759,0.014966572314716124,-0.038367377133533824
SMR,Asset,-0.02,98,0.5714285714285714,0.014891686164730059,-0.04561071905476817
UPST,Toxic,-0.02,239,0.5439330543933054,0.013237572711431979,-0.04033303644200365
BROS,Asset,-0.02,77,0.6363636363636364,0.011928758957908979,-0.031001822983010283
CEG,Asset,-0.02,40,0.6,0.01180938319401419,-0.023483037131299907
KOSS,Toxic,-0.02,410,0.5902439024390244,0.011605709999491851,-0.029115579515718193
LTBR,Asset,-0.02,270,0.5481481481481482,0.011461903354764866,-0.03990149228450071
PLTR,Asset,-0.02,156,0.6153846153846154,0.01105817772440373,-0.027702094982225152
OKLO,Asset,-0.02,77,0.5844155844155844,0.010735738674278567,-0.05137550413934088
RENT,Toxic,-0.02,132,0.5151515151515151,0.010670340799424846,-0.04962146961292774
LEU,Asset,-0.02,276,0.5978260869565217,0.009883828277137786,-0.037599082838490124
EOSE,Asset,-0.02,194,0.5360824742268041,0.009534873069399931,-0.050451230546511225
MARA,Toxic,-0.02,579,0.5302245250431779,0.009449467546723269,-0.0458031148147108
NET,Asset,-0.02,172,0.5872093023255814,0.009139684220105982,-0.03243121232170549
UBER,Asset,-0.02,122,0.6065573770491803,0.008788992466713717,-0.02443394024837195
DUOL,Asset,-0.02,74,0.6081081081081081,0.008778775836025765,-0.03351711693621341
BZFD,Toxic,-0.02,165,0.6121212121212121,0.00872185528333197,-0.0412039389057537
SOUN,Asset,-0.02,149,0.48322147651006714,0.008640546583358392,-0.050569955200101734
ACHR,Asset,-0.02,117,0.48717948717948717,0.008575470468547203,-0.03766214048307061
WWR,Asset,-0.02,312,0.4775641025641026,0.008476353264632506,-0.04377595780640729
DDOG,Asset,-0.02,163,0.6134969325153374,0.00838767041926517,-0.02525613766827787
QBTS,Asset,-0.02,131,0.5114503816793893,0.008304442609664883,-0.050589972294058226
LCID,Toxic,-0.02,148,0.5337837837837838,0.00765013326449617,-0.03586879462077736
RIOT,Toxic,-0.02,493,0.5476673427991886,0.007636287240398482,-0.042039862980695626
CRWD,Asset,-0.02,147,0.5510204081632653,0.0075057428374273715,-0.027499273242314257
HOOD,Asset,-0.02,134,0.5223880597014925,0.006973720803724193,-0.033849108475838566
VST,Asset,-0.02,66,0.6212121212121212,0.006834657194443509,-0.030901630768474315
AMZN,Asset,-0.02,97,0.5463917525773195,0.006731532519625919,-0.016608952432280215
SPOT,Asset,-0.02,119,0.5882352941176471,0.0066799194056398736,-0.025081594628163038
HIMS,Asset,-0.02,148,0.5405405405405406,0.00665653727764782,-0.0368610865591499
BBBY,Toxic,-0.02,248,0.5725806451612904,0.006589805608602586,-0.04142878626264111
UUUU,Asset,-0.02,182,0.5054945054945055,0.006540936036666489,-0.036701849447858835
IREN,Asset,-0.02,198,0.5252525252525253,0.006498074470060087,-0.047250231542829334
SHOP,Asset,-0.02,212,0.5235849056603774,0.006413028882810753,-0.028196673521175747
PTON,Toxic,-0.02,199,0.49246231155778897,0.005935812011724922,-0.03564212043867826
GLW,Asset,-0.02,77,0.5194805194805194,0.0054018061859174805,-0.020382646258403175
DOCN,Asset,-0.02,122,0.5163934426229508,0.005385663288731831,-0.032896655895570975
CVNA,Toxic,-0.02,265,0.5471698113207547,0.00501529438500431,-0.047470871844088665
U,Asset,-0.02,170,0.5352941176470588,0.004848535142467244,-0.033131601959884
ABNB,Asset,-0.02,97,0.5670103092783505,0.004839590902167806,-0.02259454838192051
LUMN,Asset,-0.02,135,0.4962962962962963,0.004324995232092793,-0.04033930865908115
TTD,Asset,-0.02,189,0.544973544973545,0.004103199197603783,-0.030002875692589578
ANET,Asset,-0.02,132,0.5454545454545454,0.004045784592862103,-0.023909266195801717
BYND,Toxic,-0.02,172,0.5116279069767442,0.004041288122946373,-0.03829749377862465
IONQ,Asset,-0.02,167,0.5089820359281437,0.003939057566389102,-0.03991958889503991
OSCR,Asset,-0.02,113,0.5309734513274337,0.003908339997295301,-0.03601226016498161
V,Asset,-0.02,60,0.6,0.00378652679400199,-0.017382072150796898
POWI,Asset,-0.02,123,0.5447154471544715,0.003760552197956427,-0.022595945077494035
GOOG,Asset,-0.02,72,0.5277777777777778,0.003760474595637205,-0.013315957780457521
NLR,Asset,-0.02,41,0.5609756097560976,0.0037298308897893585,-0.013887710342067415
NVDA,Asset,-0.02,184,0.5217391304347826,0.003706654488704297,-0.0232574426929327
KTOS,Asset,-0.02,116,0.5517241379310345,0.003523884823152302,-0.036561560603718755
MCD,Asset,-0.02,36,0.5833333333333334,0.003417622346600521,-0.017271512826519383
BB,Toxic,-0.02,134,0.5373134328358209,0.003360890714024338,-0.03275585316908641
FI,Asset,-0.02,58,0.5862068965517241,0.002827436632909516,-0.02195027423958062
SNOW,Asset,-0.02,131,0.48091603053435117,0.002313427921825368,-0.028787089864468214
TSM,Asset,-0.02,155,0.49032258064516127,0.0022963417235629226,-0.013512546350488217
MSFT,Asset,-0.02,63,0.4444444444444444,0.0022732157913993144,-0.015466205835229964
MRVL,Asset,-0.02,200,0.535,0.0022444912572585174,-0.023163200207185347
MP,Asset,-0.02,126,0.5238095238095238,0.0022407955845690332,-0.03409060799789723
TSLA,Asset,-0.02,259,0.525096525096525,0.0021425067901083106,-0.026975331425394503
SOFI,Asset,-0.02,146,0.5205479452054794,0.002105588115738528,-0.03268763992861191
BE,Asset,-0.02,249,0.5100401606425703,0.0019975247997609156,-0.04386171440235052
CLOV,Toxic,-0.02,125,0.48,0.001961154262462169,-0.03937099687111744
CCJ,Asset,-0.02,127,0.5433070866141733,0.001837380113688551,-0.027469013129221783
UNH,Asset,-0.02,57,0.543859649122807,0.0017805132815951062,-0.024070044878741488
GRAB,Asset,-0.02,119,0.5378151260504201,0.0017016435464955347,-0.03659104723425058
GME,Toxic,-0.02,215,0.5395348837209303,0.0016284063773530097,-0.048252186262687735
MGK,Asset,-0.02,41,0.4634146341463415,0.0015192871341468284,-0.01380345188833146
RXRX,Asset,-0.02,149,0.4966442953020134,0.0012097483474332405,-0.03973248919907957
STX,Asset,-0.02,125,0.552,0.0010500025272914247,-0.02536743674689132
NVO,Asset,-0.02,179,0.5139664804469274,0.001015773165161741,-0.011550035544792803
REAL,Toxic,-0.02,198,0.46464646464646464,0.0008941918031821571,-0.04632965390963189
MU,Asset,-0.02,227,0.5198237885462555,0.0008409377543866698,-0.02317596931075103
CIFR,Asset,-0.02,226,0.4646017699115044,0.0008101103497549244,-0.053144079911416196
AFRM,Toxic,-0.02,198,0.5303030303030303,0.000478329238831365,-0.042490941842459766
PANW,Asset,-0.02,96,0.5,0.00046582219294282503,-0.025079795502669366
AMD,Asset,-0.02,213,0.5023474178403756,0.00024404313663572804,-0.027665745211189374
VOO,Asset,-0.02,28,0.4642857142857143,5.259819561734703e-05,-0.01568559134232856
DNA,Toxic,-0.02,168,0.44642857142857145,4.390670427438845e-05,-0.04914175272016265
LRCX,Asset,-0.02,158,0.5063291139240507,-0.00014682288255879976,-0.02157834661298629
NVTS,Asset,-0.02,136,0.47794117647058826,-0.0006366853296200017,-0.03870204764486228
ORCL,Asset,-0.02,70,0.4142857142857143,-0.0012384995199092388,-0.022411600844016503
GLD,Asset,-0.02,23,0.34782608695652173,-0.0013240408996025431,-0.008965962586291674
SIVR,Asset,-0.02,130,0.5,-0.001761625765621635,-0.014207213583280765
APP,Asset,-0.02,125,0.472,-0.0020314879045586235,-0.035631449899973335
ADBE,Asset,-0.02,87,0.39080459770114945,-0.0024766873596359126,-0.0232578103123296
PSNY,Toxic,-0.02,97,0.4639175257731959,-0.002567971242234338,-0.04497031759698966
BRK-B,Asset,-0.02,28,0.4642857142857143,-0.0027835091740590124,-0.017671492388490757
ON,Asset,-0.02,215,0.44651162790697674,-0.00322278011997068,-0.02600848776476152
AMC,Toxic,-0.02,224,0.42410714285714285,-0.00329452400723412,-0.053805431437157394
REMX,Asset,-0.02,150,0.38666666666666666,-0.0035574137709141656,-0.018522882291239634
OPEN,Toxic,-0.02,224,0.4330357142857143,-0.0037315961664414247,-0.04751874000550676
QCOM,Asset,-0.02,125,0.488,-0.0037620331598477133,-0.021490967582759746
IBM,Asset,-0.02,50,0.36,-0.004564126635758132,-0.02055283859212883
BIRD,Toxic,-0.02,95,0.37894736842105264,-0.015246134243470197,-0.0539711218719917
TMDX,Asset,-0.03,55,0.7090909090909091,0.04002474863101549,-0.03893192244940434
ABAT,Asset,-0.03,246,0.6219512195121951,0.03741950957985003,-0.04866013878455505
UAMY,Asset,-0.03,449,0.623608017817372,0.03593665723258625,-0.032912165640236815
CELH,Asset,-0.03,130,0.7076923076923077,0.031257021788949305,-0.030357146545173398
SMR,Asset,-0.03,55,0.6363636363636364,0.027654589096201544,-0.045552238944790414
FUBO,Asset,-0.03,182,0.5879120879120879,0.02694666009766489,-0.03766490957544661
ONDS,Asset,-0.03,101,0.5742574257425742,0.020723640151940514,-0.04392457331972388
LTBR,Asset,-0.03,143,0.5804195804195804,0.017800848823650888,-0.043455892236837004
PLTR,Asset,-0.03,69,0.6811594202898551,0.017788684790004564,-0.029622424723391133
UPST,Toxic,-0.03,130,0.5846153846153846,0.017551339452491016,-0.03952265616240447
HOOD,Asset,-0.03,76,0.5921052631578947,0.016652853448379933,-0.03488764278324554
BROS,Asset,-0.03,36,0.6944444444444444,0.015650671838649308,-0.03700594781744129
BYND,Toxic,-0.03,84,0.5476190476190477,0.014808339024646061,-0.038572730063251626
U,Asset,-0.03,80,0.6125,0.014718913058342725,-0.03247812674638633
CRWD,Asset,-0.03,68,0.5882352941176471,0.014367264991513575,-0.032873278903476875
LEU,Asset,-0.03,163,0.6134969325153374,0.014212269858417746,-0.04210073280935049
POWI,Asset,-0.03,46,0.6086956521739131,0.013924178391728922,-0.024899135965561172
SOUN,Asset,-0.03,95,0.5263157894736842,0.013567288880905774,-0.05382382324033509
QBTS,Asset,-0.03,82,0.5365853658536586,0.013349052235684708,-0.05278509739820829
ACHR,Asset,-0.03,67,0.4925373134328358,0.012780785009087735,-0.043413428719172815
DDOG,Asset,-0.03,75,0.6266666666666667,0.012571462361245627,-0.026614698664302456
NET,Asset,-0.03,92,0.6086956521739131,0.01255964024672928,-0.03399880455665598
RENT,Toxic,-0.03,60,0.5333333333333333,0.012477456020083674,-0.061744074840787366
RIOT,Toxic,-0.03,304,0.5888157894736842,0.012275806776987527,-0.04339052133576724
HIMS,Asset,-0.03,73,0.6027397260273972,0.012120559011492948,-0.04165449570634944
MARA,Toxic,-0.03,355,0.543661971830986,0.012045423865569234,-0.048414024198266827
CLOV,Toxic,-0.03,63,0.5396825396825397,0.012026354668280066,-0.03944444878321229
CEG,Asset,-0.03,19,0.5789473684210527,0.011729466658281295,-0.028625416273256262
KOSS,Toxic,-0.03,220,0.6181818181818182,0.011554620931442034,-0.03468881396802936
EOSE,Asset,-0.03,110,0.5272727272727272,0.011175307327030795,-0.05549621668970017
IONQ,Asset,-0.03,101,0.5742574257425742,0.011060909037050154,-0.041776730335051686
PTON,Toxic,-0.03,82,0.5,0.010864985195986573,-0.03923880410351209
BZFD,Toxic,-0.03,95,0.6526315789473685,0.010825353162035846,-0.04547787585964782
SPOT,Asset,-0.03,63,0.5873015873015873,0.01077291514479043,-0.027642051421208867
AMZN,Asset,-0.03,48,0.5833333333333334,0.010674461933050461,-0.016471009794136297
LCID,Toxic,-0.03,79,0.5316455696202531,0.01059633311398245,-0.04071114167598852
UUUU,Asset,-0.03,81,0.49382716049382713,0.009843372695409773,-0.03896680891143619
GLW,Asset,-0.03,33,0.6060606060606061,0.009270753429431153,-0.024213246836057405
WWR,Asset,-0.03,167,0.47305389221556887,0.009011716701163866,-0.05455880182708979
SHOP,Asset,-0.03,104,0.5288461538461539,0.008663973622882789,-0.03157303541102721
MP,Asset,-0.03,57,0.5964912280701754,0.008529264362943819,-0.0367582146834618
OSCR,Asset,-0.03,57,0.5614035087719298,0.008466987102904352,-0.04067603059038241
NVDA,Asset,-0.03,79,0.4936708860759494,0.008298865538370849,-0.027311677044502995
ANET,Asset,-0.03,77,0.5584415584415584,0.008209429308454228,-0.025395675518159556
BBBY,Toxic,-0.03,134,0.5895522388059702,0.008109497500956964,-0.048289695738798
SNOW,Asset,-0.03,55,0.509090909090909,0.007580742446070035,-0.0320666684132371
MGK,Asset,-0.03,17,0.47058823529411764,0.007531084045129701,-0.011858970701121246
TTD,Asset,-0.03,91,0.5604395604395604,0.007310078254467566,-0.03382286490177428
V,Asset,-0.03,27,0.6296296296296297,0.00713281401627772,-0.019768843302959898
UBER,Asset,-0.03,63,0.5714285714285714,0.0070460030424957356,-0.031080342644066332
OKLO,Asset,-0.03,55,0.5636363636363636,0.006869758607332727,-0.05841780157033171
IREN,Asset,-0.03,124,0.532258064516129,0.006724923396686795,-0.048221431005747266
NLR,Asset,-0.03,17,0.5294117647058824,0.00637683353293979,-0.01893709858330081
VST,Asset,-0.03,35,0.6,0.0062524634749693865,-0.037861053738930124
STX,Asset,-0.03,65,0.5846153846153846,0.005917433185845804,-0.026432201434175073
DNA,Toxic,-0.03,92,0.4891304347826087,0.005545517521064044,-0.050451613780013234
DOCN,Asset,-0.03,68,0.47058823529411764,0.004770700385447362,-0.03561600709544785
BE,Asset,-0.03,143,0.5384615384615384,0.0044137263322731116,-0.04955575071937894
CCJ,Asset,-0.03,54,0.5925925925925926,0.0043867333418361205,-0.030330986754449292
TSLA,Asset,-0.03,140,0.5357142857142857,0.004298933407198442,-0.030338059143807466
REAL,Toxic,-0.03,107,0.48598130841121495,0.0034963297260226706,-0.050378119772139976
MRVL,Asset,-0.03,86,0.5348837209302325,0.0034773715154815888,-0.027035926519992343
ORCL,Asset,-0.03,40,0.475,0.0034592088576998873,-0.023483382098879596
TSM,Asset,-0.03,55,0.4909090909090909,0.003363845172359896,-0.015464902992168877
ABNB,Asset,-0.03,44,0.5681818181818182,0.0032895236683692995,-0.028425701393477686
FI,Asset,-0.03,30,0.6333333333333333,0.003183136482596543,-0.025112014259889192
OPEN,Toxic,-0.03,122,0.48360655737704916,0.002764181743576076,-0.05077384483549421
AFRM,Toxic,-0.03,119,0.5462184873949579,0.0026085156080906803,-0.047625040548768115
NVTS,Asset,-0.03,72,0.4861111111111111,0.002558429074039694,-0.04061398957564262
GOOG,Asset,-0.03,35,0.45714285714285713,0.002035888281521115,-0.014178061900984596
CIFR,Asset,-0.03,131,0.5038167938931297,0.002029894859727973,-0.05711912985291404
APP,Asset,-0.03,65,0.5230769230769231,0.0010091503057712739,-0.04016240936933423
AMD,Asset,-0.03,95,0.4842105263157895,0.0009986327301903836,-0.031976912256951734
NVO,Asset,-0.03,55,0.509090909090909,0.0009676138064827362,-0.013897954011860674
MSFT,Asset,-0.03,25,0.48,0.0005984819386589052,-0.017134181804389147
BB,Toxic,-0.03,69,0.4782608695652174,0.0005200574088477587,-0.041717139178966384
CVNA,Toxic,-0.03,146,0.4931506849315068,0.0004828136277178329,-0.05444024675921389
LRCX,Asset,-0.03,73,0.4794520547945205,-0.0002932213348779213,-0.025800932633082488
VOO,Asset,-0.03,13,0.46153846153846156,-0.0003206867499931654,-0.016084129264284763
GME,Toxic,-0.03,143,0.5244755244755245,-0.0003385562382209488,-0.05535712988988575
DUOL,Asset,-0.03,35,0.4857142857142857,-0.0006897063230195232,-0.040961503292711865
MCD,Asset,-0.03,16,0.375,-0.0009476267353033959,-0.02661925165488722
PSNY,Toxic,-0.03,50,0.46,-0.0012271992552878664,-0.05017994224547812
PANW,Asset,-0.03,41,0.4878048780487805,-0.0013271181763334758,-0.028614742405897852
RXRX,Asset,-0.03,73,0.4657534246575342,-0.0013774613643163674,-0.04320911056072643
UNH,Asset,-0.03,28,0.5357142857142857,-0.0016113975244989606,-0.032101545317470274
KTOS,Asset,-0.03,55,0.4909090909090909,-0.001774241897917877,-0.04922740200348852
SOFI,Asset,-0.03,82,0.5,-0.0017972144510348597,-0.04033734013922864
IBM,Asset,-0.03,35,0.34285714285714286,-0.002082980955130156,-0.02040233451338306
MU,Asset,-0.03,109,0.4954128440366973,-0.002243396266619002,-0.026083941279876673
REMX,Asset,-0.03,50,0.46,-0.003120444660712794,-0.02213488136229983
AMC,Toxic,-0.03,140,0.39285714285714285,-0.003575798583712107,-0.060156904180651304
BRK-B,Asset,-0.03,12,0.4166666666666667,-0.004255176278994234,-0.02189468753025468
ON,Asset,-0.03,95,0.4631578947368421,-0.004553024860127922,-0.030512293756230824
GRAB,Asset,-0.03,50,0.44,-0.0050769386810024155,-0.049301390671639495
GLD,Asset,-0.03,6,0.3333333333333333,-0.0056768147634931425,-0.016732847331901772
SIVR,Asset,-0.03,40,0.425,-0.005868041439374766,-0.018397191685605885
ADBE,Asset,-0.03,46,0.34782608695652173,-0.006618206346273717,-0.027332964446513047
LUMN,Asset,-0.03,66,0.4393939393939394,-0.008832325718977841,-0.0534733274842393
QCOM,Asset,-0.03,56,0.42857142857142855,-0.009001970608306419,-0.028057264153920403
BIRD,Toxic,-0.03,40,0.375,-0.02782760452502119,-0.07340847826850605
